zipCode,cityName,stateName,countyName,population,populationDensity,augHi,decHi,augHiMinusDecHi,numInchesOfRain,numDaysOfRain,numSunnyDays,numInchesOfSnow,numviolentCrime,propertyCrime,medianAge,medianIncome,medianHomePrice,%Asian,%Black,%White,%Hispanic
30002,avondale_estates,georgia,DeKalb County,5669,3352,87,54,33,53,109,217,2,35.6,42.1,42.5,47297,391400,4.2,33.8,55.3,3.8
30017,grayson,georgia,Gwinnett County,23949,2002,88,54,34,52,102,217,1,12.7,19.7,39.5,82435,254700,5.3,31.7,54.5,5.8
30034,decatur,georgia,DeKalb County,45229,2668,88,54,34,50,108,217,2,52.7,64.0,37.3,46815,135600,N/A,94.5,2.0,1.3
30047,lilburn,georgia,Gwinnett County,66876,2412,89,54,35,53,101,217,1,26.1,37.9,37.9,66955,222800,14.6,20.9,39.7,20.8
30067,marietta,georgia,Cobb County,46888,3167,87,54,33,53,109,217,1,40.6,65.8,33.2,49933,257400,6.3,28.2,53.0,9.5
30082,smyrna,georgia,Cobb County,28529,2718,87,54,33,53,106,217,1,31.6,40.4,36.6,70023,285700,7.3,33.2,42.6,15.2
30101,acworth,georgia,Cobb County,58333,1445,89,53,36,52,100,217,2,18.0,26.5,37.3,74094,244100,2.5,17.7,69.6,7.4
30114,canton,georgia,Cherokee County,53695,501,87,52,35,52,107,217,2,26.7,33.6,37.3,60743,264200,1.6,6.5,73.2,16.9
30126,mableton,georgia,Cobb County,39788,1921,87,54,33,53,106,217,1,28.0,37.9,36.9,66525,221000,2.3,42.3,34.8,17.1
30145,kingston,georgia,Bartow County,7223,91,90,54,36,50,100,214,1,16.3,22.8,45,61335,168100,N/A,8.5,88.4,1.8
30168,austell,georgia,Cobb County,26307,2104,87,54,33,53,106,217,1,54.6,65.0,32.9,36789,154800,N/A,61.0,15.6,22.2
30182,waco,georgia,Haralson County,2290,64,88,55,33,53,110,217,1,26.4,30.3,46.3,40913,144900,2.3,1.0,94.5,1.9
30213,fairburn,georgia,Fulton County,31239,487,89,55,34,51,106,217,2,44.2,55.2,34.5,51602,176700,N/A,76.8,14.7,7.8
30228,hampton,georgia,Henry County,40782,556,89,55,34,49,110,217,2,34.0,39.3,33.5,54875,176400,2.4,54.8,31.7,7.8
30251,luthersville,georgia,Meriwether County,2240,65,90,57,33,50,103,217,1,53.8,67.0,41.3,35294,118700,N/A,20.0,70.7,5.4
30268,palmetto,georgia,Fulton County,10425,159,89,56,33,52,108,217,2,37.0,43.4,37.9,50190,156100,N/A,37.5,45.0,16.0
30286,thomaston,georgia,Upson County,22739,117,89,58,31,49,93,215,0,44.9,55.6,40.8,33203,71000,N/A,29.4,66.6,2.6
30297,forest_park,georgia,Clayton County,28105,2561,88,54,34,50,109,217,2,64.1,74.6,30.5,30750,68300,6.7,43.1,15.5,31.6
30313,atlanta,georgia,Fulton County,11379,10251,88,54,34,51,110,217,1,62.1,78.8,21.2,39583,259100,15.5,38.3,37.4,6.1
30327,atlanta,georgia,Fulton County,23333,1390,87,54,33,52,108,217,1,37.0,50.6,45.6,147852,1012100,5.8,6.1,83.5,3.5
30340,atlanta,georgia,DeKalb County,28834,3378,87,54,33,53,107,217,1,48.8,60.0,30.8,40054,222600,12.0,16.6,24.6,44.3
30363,atlanta,georgia,Fulton County,3165,9922,87,54,33,52,110,217,1,60.1,78.7,28.7,70802,260400,21.7,28.5,40.7,6.7
30423,daisy,georgia,Evans County,150,200,91,63,28,46,104,214,0,61.8,69.3,45.4,50893,109900,N/A,32.0,60.0,6.0
30441,midville,georgia,Burke County,1746,10,91,61,30,45,90,218,0,36.2,37.8,39.6,37300,69200,N/A,24.5,72.7,1.3
30454,rockledge,georgia,Laurens County,875,24,92,60,32,47,90,219,0,39.4,65.7,35.7,38490,87600,N/A,2.2,92.9,4.9
30471,twin_city,georgia,Emanuel County,5534,38,91,61,30,47,92,218,0,42.2,46.7,35.2,28826,69700,N/A,31.1,59.8,6.6
30511,baldwin,georgia,Banks County,4091,137,86,53,33,55,103,218,1,26.6,31.9,31.1,43866,127900,N/A,2.2,68.3,26.7
30523,clarkesville,georgia,Habersham County,12288,71,86,52,34,62,116,218,2,29.2,34.4,47.9,44287,182000,N/A,2.6,93.4,2.0
30536,ellijay,georgia,Gilmer County,7960,52,86,52,34,59,116,210,4,30.8,45.3,50.8,40686,218300,N/A,N/A,92.4,4.5
30548,hoschton,georgia,Jackson County,18202,471,89,54,35,50,104,218,1,8.3,15.6,42.5,78401,340200,2.3,4.0,87.3,4.8
30562,mountain_city,georgia,Rabun County,1257,423,84,51,33,65,128,215,4,44.6,46.9,44.3,20250,79400,8.8,N/A,79.4,5.7
30575,talmo,georgia,Jackson County,1192,103,88,53,35,51,102,218,1,21.0,26.9,42.6,26213,167400,N/A,2.1,66.3,31.6
30609,athens,georgia,Clarke County,2195,95434.8,88,55,33,47.9,111.6,218,1.4,N/A,N/A,18.9,0,173900,5.8,8.5,78.9,4.2
30629,comer,georgia,Madison County,4617,62,88,54,34,47,104,218,1,36.4,41.0,40,38250,133700,4.3,16.8,74.3,N/A
30648,lexington,georgia,Oglethorpe County,3101,37,89,55,34,48,107,218,1,42.6,49.5,42.8,43271,144500,N/A,28.2,70.3,N/A
30667,stephens,georgia,Oglethorpe County,1051,13,89,56,33,47,105,218,1,27.6,33.0,44.4,39128,119000,N/A,17.8,74.6,7.5
30707,chickamauga,georgia,Walker County,15335,119,89,52,37,52,97,210,1,27.3,31.8,42.1,40746,126600,N/A,3.5,95.3,N/A
30731,menlo,georgia,Chattooga County,2293,26,88,52,36,56,119,210,3,37.0,44.1,43.5,35852,116900,2.4,1.3,92.4,N/A
30746,sugar_valley,georgia,Gordon County,1133,68,89,53,36,52,99,210,2,58.9,68.8,51,50724,128700,N/A,N/A,100.0,N/A
30803,avera,georgia,Jefferson County,1031,19,90,58,32,45,99,218,0,38.9,45.4,37.5,24375,91400,N/A,16.5,81.6,N/A
30816,keysville,georgia,Burke County,1839,14,91,59,32,46,92,218,0,22.6,25.9,41.2,45078,111800,N/A,28.2,69.9,1.9
30833,wrens,georgia,Jefferson County,3187,47,90,58,32,45,94,218,0,62.7,70.7,38.5,29282,78800,N/A,56.3,41.2,1.3
31002,adrian,georgia,Emanuel County,2997,26,92,60,32,47,90,218,0,39.3,41.1,42.5,41809,77300,N/A,9.0,89.1,N/A
31015,cordele,georgia,Crisp County,21673,100,91,60,31,47,89,219,0,50.9,64.8,37.3,35851,99500,1.3,45.2,48.6,3.0
31025,elko,georgia,Houston County,1021,16,91,60,31,47,100,219,0,14.0,30.2,51.7,67105,140900,N/A,28.7,61.8,N/A
31037,helena,georgia,Telfair County,4438,75,91,62,29,47,90,219,0,51.5,55.4,33.6,25815,57700,N/A,38.6,57.7,3.6
31050,knoxville,georgia,Crawford County,1003,46,90,59,31,46,100,219,0,39.7,45.4,37.1,49145,78000,N/A,12.9,87.1,N/A
31063,montezuma,georgia,Macon County,5102,45,91,60,31,47,99,219,0,56.8,63.9,40.3,27254,87600,1.1,50.3,36.8,9.8
31075,rentz,georgia,Laurens County,2832,52,91,60,31,47,87,219,0,37.2,44.3,40,42539,86600,N/A,16.9,65.8,3.2
31087,sparta,georgia,Hancock County,8760,19,90,58,32,46,96,218,0,56.9,59.9,45,24514,76700,N/A,72.5,24.5,1.8
31098,warner_robins,georgia,Houston County,3342,182,91,59,32,46,102,219,0,39.1,56.4,24.4,53714,143200,2.6,34.4,50.9,5.2
31220,macon,georgia,Bibb County,13950,294,91,59,32,46,102,219,0,37.5,88.7,40.4,55192,140500,3.9,32.7,57.7,4.0
31313,hinesville,georgia,Liberty County,40890,608,91,64,27,49,106,214,0,40.7,50.8,28.6,45408,138400,2.5,41.4,36.5,13.9
31326,rincon,georgia,Effingham County,20317,290,89,61,28,48,104,214,0,25.5,36.3,35.7,68539,200100,2.2,14.2,74.7,5.9
31408,garden_city,georgia,Chatham County,10947,447,89,61,28,49,102,214,0,72.4,74.0,31.9,30740,91900,2.1,45.9,29.8,21.1
31513,baxley,georgia,Appling County,16462,50,91,62,29,48,103,216,0,44.1,56.6,38.6,38535,83500,N/A,17.4,69.2,10.3
31532,denton,georgia,Jeff Davis County,681,13,91,62,29,48,101,218,0,32.6,37.7,47.8,31900,71200,N/A,7.2,90.6,2.2
31547,kings_bay_base,georgia,Camden County,1438,571,89,65,24,50,107,217,0,61.7,70.5,21.3,45938,171000,N/A,7.9,70.0,21.2
31557,patterson,georgia,Pierce County,2994,27,91,64,27,52,104,220,0,27.4,30.1,38.8,40161,103400,N/A,4.5,90.1,5.2
31569,woodbine,georgia,Camden County,5922,88,90,65,25,51,105,221,0,24.1,38.9,39.2,52885,183100,1.5,22.2,71.4,3.8
31626,boston,georgia,Thomas County,3176,22,91,65,26,53,100,231,0,42.6,46.9,45,37353,104500,N/A,43.1,49.7,6.7
31638,morven,georgia,Brooks County,1227,45,91,64,27,53,105,231,0,33.5,40.5,51,24969,79800,3.3,40.6,47.5,5.8
31698,valdosta,georgia,Lowndes County,742,8833.3,91,64,27,51.7,102.2,230,0.1,N/A,N/A,19.2,0,130000,N/A,48.0,41.2,3.4
31719,americus,georgia,Sumter County,9369,100,90,60,30,49,95,217,0,67.8,77.4,35,32358,50900,N/A,71.4,25.5,2.5
31747,ellenton,georgia,Colquitt County,123,155,91,64,27,49,100,230,0,41.0,46.9,64.1,19688,54600,N/A,16.3,73.2,10.6
31772,oakfield,georgia,Worth County,491,8,91,61,30,49,96,218,0,32.9,46.9,46.3,34453,157700,2.0,38.5,57.2,N/A
31787,smithville,georgia,Lee County,1415,16,90,60,30,50,92,216,0,39.3,49.8,45.3,30761,105100,1.3,48.2,48.9,1.1
31798,wray,georgia,Irwin County,826,11,91,62,29,47,97,220,0,28.4,55.9,30.9,51399,53300,N/A,10.8,82.8,6.4
31812,junction_city,georgia,Talbot County,559,7,89,58,31,49,90,214,0,49.3,54.2,51.3,17436,67900,N/A,40.1,59.8,N/A
31826,shiloh,georgia,Harris County,2626,50,89,58,31,49,93,214,0,30.2,33.2,41.3,41447,136200,N/A,38.5,53.7,7.7
31904,columbus,georgia,Muscogee County,34387,1193,91,59,32,49,103,214,0,50.1,80.3,36.2,44751,110400,4.3,22.8,61.7,6.9
39824,bluffton,georgia,Clay County,529,9,91,60,31,52,85,215,0,39.1,45.3,46.9,16827,85300,N/A,47.3,52.7,N/A
39842,dawson,georgia,Terrell County,8183,29,90,60,30,50,84,215,0,60.1,64.3,39.5,29943,103900,N/A,62.3,33.7,2.7
39870,newton,georgia,Baker County,2130,12,90,62,28,54,97,230,0,46.3,49.4,40.7,38841,92400,N/A,51.5,43.5,4.2
30004,milton,georgia,Fulton County,63135,1100,87,52,35,53,110,217,2,13.8,19.9,37.5,96036,425900,10.6,8.4,65.5,11.9
30019,dacula,georgia,Gwinnett County,47421,1023,88,54,34,52,102,218,1,14.1,22.4,35.9,82132,266000,4.3,22.3,60.0,10.5
30035,decatur,georgia,DeKalb County,22764,2662,88,54,34,51,108,217,2,56.4,66.8,34.3,40882,130300,1.5,90.1,3.3,2.3
30052,loganville,georgia,Walton County,63211,723,89,55,34,49,102,217,1,21.2,29.9,36.3,64993,216000,2.4,24.3,64.2,6.4
30068,marietta,georgia,Cobb County,32006,2232,86,53,33,53,108,217,1,19.3,38.6,44.5,99036,430200,7.6,6.1,77.3,6.6
30083,stone_mountain,georgia,DeKalb County,57851,3411,88,54,34,53,109,217,2,58.5,66.8,34.3,39335,140900,3.6,79.2,11.3,3.6
30102,acworth,georgia,Cherokee County,40556,1385,87,54,33,52,110,217,3,20.3,40.8,36.5,60625,216900,2.4,10.6,71.4,13.2
30115,canton,georgia,Cherokee County,38950,641,86,51,35,53,104,217,2,11.9,17.9,38.6,70383,291100,1.0,2.1,88.2,7.4
30127,powder_springs,georgia,Cobb County,65854,1297,87,54,33,53,113,217,2,24.5,29.2,39.5,72406,215600,2.2,41.8,45.1,8.3
30147,lindale,georgia,Floyd County,4315,237,89,54,35,51,99,214,1,37.7,46.9,40.3,37522,112100,N/A,5.3,87.9,4.4
30170,roopville,georgia,Carroll County,2766,61,88,55,33,51,103,216,1,25.0,27.2,40.4,55938,168600,N/A,5.0,90.1,3.5
30183,waleska,georgia,Cherokee County,5583,91,86,52,34,54,104,216,2,19.8,25.6,42.7,54519,264600,N/A,4.5,86.7,1.8
30214,fayetteville,georgia,Fayette County,28774,546,89,54,35,50,109,217,2,20.3,29.0,45.8,64070,230300,4.0,42.7,40.2,9.3
30230,hogansville,georgia,Troup County,9305,71,90,57,33,52,92,215,0,40.0,48.1,40.4,37796,104000,1.4,24.1,70.9,N/A
30252,mcdonough,georgia,Henry County,44728,490,90,55,35,49,107,217,1,18.9,27.6,37.5,71716,231000,1.2,23.8,66.7,5.4
30269,peachtree_city,georgia,Fayette County,35760,1426,89,55,34,50,110,217,1,14.0,20.4,42.6,85836,347000,5.5,6.0,77.5,7.8
30288,conley,georgia,Clayton County,9467,1211,88,54,34,50,109,217,2,46.5,55.4,38.7,48347,109700,N/A,75.7,8.2,12.6
30303,atlanta,georgia,Fulton County,6714,6431,88,54,34,51,110,217,2,63.7,79.6,21.9,19224,169300,5.8,55.9,27.4,7.4
30314,atlanta,georgia,Fulton County,25142,5429,87,54,33,51,110,217,1,71.5,83.4,25.7,22900,75200,2.2,86.7,7.4,2.4
30328,sandy_springs,georgia,Fulton County,36590,2831,86,53,33,53,107,217,1,23.6,33.7,37.6,72852,437500,11.5,13.6,63.3,8.9
30341,atlanta,georgia,DeKalb County,32680,3220,87,54,33,53,107,217,1,43.8,56.9,32.6,51927,358200,10.0,15.6,43.9,26.9
30401,swainsboro,georgia,Emanuel County,13373,53,91,61,30,47,90,218,0,57.5,64.3,36.7,33064,94000,N/A,40.8,52.1,4.7
30425,garfield,georgia,Emanuel County,1172,16,91,60,31,46,93,218,0,27.7,33.3,41.3,36875,92100,2.3,32.7,64.0,N/A
30442,millen,georgia,Jenkins County,7895,25,91,60,31,46,90,218,0,57.0,59.3,38.9,27403,69600,N/A,39.2,52.0,7.3
30455,rocky_ford,georgia,Screven County,472,11,91,60,31,46,90,216,0,26.0,32.9,50.3,28958,91700,N/A,17.2,78.8,4.0
30473,uvalda,georgia,Montgomery County,2241,27,91,62,29,50,99,216,0,29.0,31.7,48.5,39125,99700,N/A,18.2,72.8,7.1
30512,blairsville,georgia,Union County,20299,91,84,51,33,58,126,204,4,25.6,36.4,54.4,37471,201500,N/A,N/A,94.7,3.1
30525,clayton,georgia,Rabun County,7105,34,84,52,32,67,129,217,4,35.8,46.1,49.2,32974,164600,N/A,1.8,87.8,9.2
30537,dillard,georgia,Rabun County,1469,73,80,49,31,73,131,209,6,28.0,34.5,42.6,45313,190800,1.1,N/A,89.2,9.7
30549,jefferson,georgia,Jackson County,24132,221,89,54,35,49,102,218,1,23.1,29.4,39.2,58813,213600,1.8,7.2,83.3,5.7
30563,mount_airy,georgia,Habersham County,5875,169,86,52,34,61,116,218,2,23.9,26.6,36.8,46332,141100,3.7,1.3,72.4,16.0
30576,tiger,georgia,Rabun County,2331,62,84,52,32,67,128,217,4,31.5,38.0,48.7,35357,181000,N/A,2.3,92.6,3.6
30619,arnoldsville,georgia,Oglethorpe County,1286,48,88,55,33,48,109,218,1,22.9,28.9,37.8,52321,172200,N/A,3.6,82.8,8.2
30630,crawford,georgia,Oglethorpe County,2173,60,88,55,33,48,109,218,1,42.3,49.9,48.7,48750,138500,N/A,29.9,66.7,N/A
30650,madison,georgia,Morgan County,11616,52,89,55,34,48,107,218,1,32.3,45.0,44.7,48659,208800,N/A,30.2,65.2,3.3
30668,tignall,georgia,Wilkes County,1405,9,88,55,33,45,99,218,1,44.8,46.9,55.2,27212,80600,N/A,27.4,70.4,N/A
30708,cisco,georgia,Murray County,203,14,88,53,35,56,107,210,3,60.0,65.4,33.1,59041,105200,N/A,N/A,93.6,N/A
30733,plainville,georgia,Gordon County,2093,137,89,53,36,53,99,210,2,35.5,41.5,44.6,40640,104700,N/A,1.2,96.7,1.1
30747,summerville,georgia,Chattooga County,15843,87,89,53,36,53,100,210,1,39.4,44.3,42.6,32487,88700,N/A,14.5,82.4,1.4
30805,blythe,georgia,Richmond County,2796,79,90,58,32,46,95,218,1,38.1,64.4,35.7,29904,99300,1.2,18.1,75.7,2.6
30817,lincolnton,georgia,Lincoln County,7569,39,91,57,34,45,100,218,0,42.1,47.5,46,35114,140200,N/A,33.0,64.6,1.6
30901,augusta,georgia,Richmond County,16461,801,91,59,32,45,104,218,1,65.5,79.5,37.1,16619,70500,N/A,82.9,12.6,3.2
31003,allentown,georgia,Wilkinson County,99,21,91,59,32,46,88,218,0,32.9,37.6,50.9,63750,75400,N/A,25.3,74.7,N/A
31016,culloden,georgia,Monroe County,1709,19,89,58,31,48,88,219,0,40.3,46.7,40.7,37125,125000,N/A,53.4,46.6,N/A
31027,east_dublin,georgia,Laurens County,9292,53,92,60,32,47,87,219,0,55.0,61.3,36,28913,76700,N/A,32.5,60.7,5.7
31038,hillsboro,georgia,Jasper County,609,7,91,58,33,47,93,219,1,18.4,34.6,54.1,44899,224000,N/A,19.7,79.6,N/A
31051,lilly,georgia,Dooly County,188,99,91,60,31,47,96,219,0,59.8,67.0,39.8,20714,68500,N/A,50.5,46.8,2.7
31064,monticello,georgia,Jasper County,9250,37,90,57,33,47,92,218,1,36.9,46.3,42,41166,126900,N/A,24.7,70.8,3.1
31076,reynolds,georgia,Taylor County,3244,27,91,59,32,46,98,219,0,46.1,48.3,42.9,31167,68100,N/A,40.7,57.0,2.1
31088,warner_robins,georgia,Houston County,51994,1654,91,59,32,46,101,219,0,34.0,47.2,34.4,58539,131700,4.8,27.1,56.1,8.1
31201,macon,georgia,Bibb County,8107,758,91,59,32,46,103,219,0,60.3,75.5,32.3,16844,69700,N/A,65.2,32.2,1.0
31301,walthourville,georgia,Liberty County,4217,357,91,64,27,48,107,214,0,49.9,58.4,29.9,40806,139700,N/A,54.9,34.1,6.8
31314,fort_stewart,georgia,Liberty County,1575,166.6,91,64,27,48.5,106.1,214,0.0,N/A,N/A,22.7,0,148100,4.3,23.9,48.1,19.4
31327,sapelo_island,georgia,McIntosh County,203,5,89,63,26,49,101,215,0,14.4,28.3,67.8,0,130800,N/A,54.2,45.8,N/A
31409,savannah,georgia,Chatham County,642,96.5,90,63,27,49.1,103.3,214,0.2,N/A,N/A,22.4,0,168100,4.8,15.4,57.8,21.0
31516,blackshear,georgia,Pierce County,14328,88,91,64,27,49,104,220,0,47.6,52.8,40.1,40588,127700,N/A,9.8,85.5,2.2
31533,douglas,georgia,Coffee County,16629,248,91,62,29,48,104,220,0,52.7,66.5,36.3,32216,69900,1.6,37.4,48.6,10.1
31548,kingsland,georgia,Camden County,20613,363,89,65,24,51,107,221,0,32.3,38.8,31.2,56404,164900,1.2,23.3,64.2,7.5
31558,st._marys,georgia,Camden County,21217,279,89,65,24,50,108,221,0,33.5,41.4,30.5,51025,174900,1.7,13.7,74.0,5.9
31601,valdosta,georgia,Lowndes County,33607,218,91,64,27,52,102,230,0,58.8,73.5,29.3,24629,61600,N/A,58.7,33.7,5.7
31627,cecil,georgia,Cook County,256,292,91,65,26,51,106,231,0,50.7,58.0,44,33750,115500,N/A,47.3,50.8,N/A
31639,nashville,georgia,Berrien County,10276,47,91,65,26,50,107,227,0,38.9,49.5,43,30940,111400,N/A,8.6,87.7,2.7
31699,moody_a_f_b,georgia,Lowndes County,617,1151.1,91,65,26,51.5,104.9,229,0.1,N/A,N/A,22,0,130000,7.8,20.1,53.2,9.4
31720,barwick,georgia,Brooks County,350,76,91,64,27,52,100,231,0,31.2,34.1,37.5,25329,99800,N/A,19.4,53.1,25.7
31749,enigma,georgia,Berrien County,2558,43,91,63,28,48,94,226,0,38.0,42.3,32.8,35441,99300,N/A,11.6,78.4,9.8
31773,ochlocknee,georgia,Thomas County,3371,40,91,64,27,52,89,231,0,40.8,47.3,48.7,40735,136600,1.1,8.2,88.3,N/A
31788,moultrie,georgia,Colquitt County,10133,79,91,64,27,50,99,230,0,43.7,59.6,35,34577,139200,N/A,12.7,64.7,21.1
31801,box_springs,georgia,Talbot County,2888,33,90,58,32,49,96,214,0,32.9,65.3,50.2,35455,118700,1.6,15.0,77.7,3.9
31814,louvale,georgia,Stewart County,287,17,92,62,30,50,90,214,0,57.4,61.3,47.5,42688,90200,N/A,54.0,46.0,N/A
31827,talbotton,georgia,Talbot County,2389,16,89,58,31,49,92,214,0,43.8,48.5,42.5,31212,65800,N/A,69.8,28.1,1.5
31905,cusseta-chattahoochee_county_unified,georgia,Muscogee County,19276,500,92,60,32,49,96,214,0,39.1,54.1,21.9,51438,102500,2.3,13.0,55.7,19.9
39825,brinson,georgia,Decatur County,1095,12,92,64,28,55,101,231,0,44.7,51.2,44.6,21058,182700,N/A,17.0,81.6,N/A
39845,donalsonville,georgia,Seminole County,7877,40,92,64,28,55,101,231,0,46.5,53.1,44.1,34199,88900,1.0,33.7,61.5,3.0
39877,webster_county_unified,georgia,Terrell County,304,7,90,60,30,50,90,215,0,37.5,44.0,53.4,30714,78000,N/A,35.9,58.9,3.3
30005,alpharetta,georgia,Fulton County,40488,2788,87,52,35,54,109,217,2,11.8,20.1,37.3,102174,440000,25.5,9.7,55.8,5.9
30021,clarkston,georgia,DeKalb County,23978,6779,87,54,33,53,109,217,2,61.1,69.1,28.6,30838,151800,31.7,49.4,11.8,2.9
30038,lithonia,georgia,DeKalb County,39424,1357,90,54,36,49,107,217,2,50.0,63.2,33,47025,127400,N/A,93.4,4.2,1.1
30054,oxford,georgia,Newton County,11360,275,90,55,35,49,103,217,1,26.5,32.3,42.9,60752,195100,2.1,18.8,75.8,1.5
30070,porterdale,georgia,Newton County,476,7677,90,56,34,48,94,217,1,68.0,70.2,28.4,34375,88400,N/A,14.5,74.6,2.3
30084,tucker,georgia,DeKalb County,37332,2449,88,53,35,54,106,217,1,31.5,41.6,40.5,54486,236300,11.8,20.9,42.4,20.5
30103,adairsville,georgia,Bartow County,15830,157,90,54,36,49,99,213,2,30.6,38.0,37.9,46909,152000,N/A,4.1,90.6,3.7
30116,carrollton,georgia,Carroll County,23588,231,88,55,33,51,107,217,1,30.2,40.4,37.7,49203,154200,N/A,13.5,77.4,6.5
30132,dallas,georgia,Paulding County,38405,349,89,53,36,52,106,217,2,25.4,32.4,35.6,63988,166700,1.4,16.6,73.9,6.0
30148,marble_hill,georgia,Pickens County,579,54,85,51,34,59,109,216,3,17.1,31.3,38.4,41467,168900,N/A,N/A,87.7,12.3
30171,rydal,georgia,Bartow County,3359,64,90,54,36,48,95,215,0,18.7,35.5,42.2,63849,178400,N/A,N/A,95.4,N/A
30184,white,georgia,Bartow County,6663,99,90,54,36,48,95,216,0,13.0,19.3,44.9,63681,211100,N/A,2.5,91.2,3.2
30215,fayetteville,georgia,Fayette County,36354,507,89,55,34,49,110,217,2,13.2,21.9,41.8,89095,268700,4.6,24.2,63.5,4.7
30233,jackson,georgia,Butts County,22839,147,91,57,34,48,94,217,1,36.1,42.1,40.9,47660,149900,N/A,22.9,70.4,3.2
30253,mcdonough,georgia,Henry County,53647,1108,89,55,34,49,107,217,1,35.4,45.2,35,57386,187500,4.5,49.8,35.0,7.4
30273,rex,georgia,Clayton County,14730,2253,89,54,35,49,108,217,2,31.7,48.8,36.9,46196,118000,2.8,64.3,14.4,13.7
30289,turin,georgia,Coweta County,38,176,89,56,33,50,110,217,1,46.7,53.3,67,26500,273600,N/A,10.5,89.5,N/A
30305,atlanta,georgia,Fulton County,23842,3703,87,54,33,52,108,217,1,49.8,70.1,37.1,90095,611700,4.0,8.6,81.0,4.0
30315,atlanta,georgia,Fulton County,34973,3090,88,54,34,51,109,217,2,77.3,86.3,33.6,21280,117900,N/A,79.4,11.3,7.2
30329,north_druid_hills,georgia,DeKalb County,28410,5253,87,54,33,53,107,217,1,50.8,63.5,30.9,45547,410100,8.0,15.4,40.1,33.3
30342,sandy_springs,georgia,Fulton County,29218,3268,87,54,33,53,108,217,1,30.0,40.2,34.2,65155,620000,5.2,9.3,61.2,22.7
30410,ailey,georgia,Montgomery County,1581,24,91,62,29,49,92,219,0,22.6,29.3,40.1,42750,130800,N/A,15.7,70.1,13.9
30426,girard,georgia,Burke County,742,6,91,60,31,46,90,218,0,54.7,61.2,31.7,27375,59300,N/A,50.1,49.9,N/A
30445,mount_vernon,georgia,Montgomery County,3865,48,91,62,29,50,91,219,0,39.3,42.4,39.1,30048,69000,N/A,41.5,47.0,6.4
30456,sardis,georgia,Burke County,2178,27,91,60,31,46,89,218,0,52.0,55.8,38.3,46116,65800,N/A,54.9,42.3,1.1
30474,vidalia,georgia,Toombs County,17397,125,91,62,29,49,92,216,0,44.0,57.0,35.3,31907,116500,1.4,27.4,60.5,9.9
30513,blue_ridge,georgia,Fannin County,11704,79,86,52,34,57,123,209,4,31.9,38.7,50.2,31818,209100,N/A,N/A,96.1,1.1
30527,clermont,georgia,Hall County,4527,179,86,52,34,56,112,218,1,18.3,24.2,43.5,64323,185800,1.0,2.1,95.6,N/A
30538,eastanollee,georgia,Stephens County,2496,98,87,53,34,55,103,218,2,19.6,25.9,44.8,42145,113500,N/A,3.8,96.2,N/A
30552,lakemont,georgia,Rabun County,1761,32,83,51,32,66,131,218,2,31.3,37.6,44.1,27500,239700,N/A,N/A,85.5,6.5
30564,murrayville,georgia,Hall County,3114,101,86,52,34,55,109,218,3,14.3,27.0,37.7,65588,198900,N/A,N/A,91.5,8.5
30577,toccoa,georgia,Stephens County,22339,138,87,53,34,55,105,218,2,33.3,47.7,41.8,39265,106800,N/A,13.0,80.6,3.4
30620,bethlehem,georgia,Barrow County,12891,526,88,55,33,49,103,218,1,20.4,26.4,35.5,63776,188700,3.4,11.5,72.1,10.4
30631,crawfordville,georgia,Taliaferro County,1881,10,89,56,33,45,99,218,0,53.4,57.8,43.8,24728,75100,N/A,61.9,34.9,2.8
30655,monroe,georgia,Walton County,24957,289,89,55,34,49,103,218,1,45.0,57.6,35.6,43743,173700,N/A,24.9,71.0,1.6
30669,union_point,georgia,Greene County,3360,27,89,56,33,46,105,218,1,51.2,57.8,38,30610,94200,N/A,44.9,47.9,5.2
30710,cohutta,georgia,Whitfield County,6759,142,89,53,36,52,98,210,2,25.0,42.3,44.5,43480,154700,N/A,N/A,93.7,2.4
30734,ranger,georgia,Gordon County,3807,50,89,53,36,54,107,210,3,25.1,31.2,44.4,44191,154700,N/A,N/A,97.8,N/A
30750,lookout_mountain,georgia,Walker County,4795,363,83,47,36,58,100,210,3,11.5,17.0,27.1,70662,282800,1.4,1.2,94.2,1.5
30807,camak,georgia,Warren County,114,184,89,56,33,44,97,218,0,14.4,20.4,41.7,53661,66900,N/A,59.6,27.2,N/A
30818,matthews,georgia,Jefferson County,642,19,90,58,32,46,94,218,0,41.3,46.0,31,41690,104400,N/A,9.3,74.3,16.4
30903,augusta,georgia,Richmond County,692,4071,90,59,31,45,101,218,1,11.6,22.7,36.3,95625,195900,10.4,N/A,89.6,N/A
31005,bonaire,georgia,Houston County,17524,912,91,59,32,46,100,219,0,24.9,37.6,34.2,72593,165600,1.0,23.3,66.2,7.0
31017,danville,georgia,Twiggs County,1577,17,91,60,31,46,92,219,0,34.9,31.7,53.1,39792,77200,N/A,14.5,84.3,N/A
31028,centerville,georgia,Houston County,6137,1727,91,59,32,46,101,219,0,28.1,41.3,38.9,56063,134400,4.7,22.6,66.6,3.0
31039,howard,georgia,Taylor County,0,37.4,89,58,31,48.7,89.8,217,0.1,N/A,N/A,7.5,0,76400,31039,31039,31039,31039
31052,lizella,georgia,Bibb County,8678,123,91,59,32,46,103,219,0,21.4,44.9,45.8,62524,154500,N/A,25.4,71.3,1.4
31065,montrose,georgia,Laurens County,1103,17,91,60,31,46,88,219,0,48.4,54.6,44.9,29327,102000,N/A,46.1,52.0,N/A
31077,rhine,georgia,Dodge County,1455,15,91,61,30,46,92,219,0,31.9,39.9,48.5,34615,82100,N/A,26.0,71.3,2.7
31089,tennille,georgia,Washington County,4974,32,91,59,32,47,97,218,1,51.9,60.3,37.9,32578,81300,N/A,57.1,35.2,4.8
31204,macon,georgia,Bibb County,29822,2037,91,59,32,46,102,219,0,70.7,95.0,38.3,26599,64200,1.2,64.3,31.0,1.7
31302,bloomingdale,georgia,Chatham County,8351,187,91,63,28,49,101,214,0,26.9,34.6,39.4,60395,164800,N/A,5.4,90.0,3.6
31315,fort_stewart,georgia,Liberty County,8234,689,91,64,27,49,106,214,0,32.0,45.5,21.6,35208,130200,N/A,25.2,47.4,16.6
31328,tybee_island,georgia,Chatham County,3550,634,90,62,28,49,104,214,0,25.3,38.2,52.4,55208,439400,N/A,1.7,96.3,N/A
31410,wilmington_island,georgia,Chatham County,24363,1232,90,62,28,49,104,214,0,17.6,27.2,42.5,69223,271500,5.0,2.2,85.3,6.0
31518,bristol,georgia,Pierce County,747,16,90,63,27,48,104,219,0,22.1,35.9,38.8,38029,102600,N/A,2.4,77.0,20.3
31535,douglas,georgia,Coffee County,12351,123,91,62,29,48,104,220,0,41.2,54.2,31.7,40336,104500,N/A,18.4,64.6,15.5
31549,lumber_city,georgia,Telfair County,2393,21,91,62,29,48,101,219,0,40.9,44.6,49.3,20972,44500,N/A,40.7,58.8,N/A
31560,screven,georgia,Wayne County,2431,18,91,64,27,49,108,217,0,30.5,39.1,45.4,38229,124600,N/A,16.0,79.5,3.3
31602,valdosta,georgia,Lowndes County,35141,862,91,64,27,52,102,230,0,41.9,58.1,29.1,36958,127700,3.0,34.1,56.3,4.8
31629,dixie,georgia,Brooks County,642,15,91,65,26,53,106,231,0,41.5,64.2,52.5,30347,168300,2.0,23.2,53.3,19.0
31641,naylor,georgia,Lowndes County,1996,24,91,64,27,52,104,227,0,18.3,51.1,45.6,45571,114400,N/A,29.2,64.0,3.3
31701,albany,georgia,Dougherty County,19007,703,92,62,30,50,95,226,0,65.6,73.0,37.6,20255,47100,N/A,77.1,17.4,2.1
31721,albany,georgia,Dougherty County,20520,96,92,62,30,50,91,223,0,33.5,40.9,40.3,60094,166100,1.8,50.8,42.2,4.0
31750,fitzgerald,georgia,Ben Hill County,18539,66,91,62,29,46,97,219,0,48.3,59.4,39.2,32218,96700,N/A,33.6,59.3,5.9
31774,ocilla,georgia,Irwin County,6674,40,91,61,30,47,93,220,0,47.3,54.8,38.5,29957,81400,N/A,37.4,57.8,N/A
31789,sumner,georgia,Worth County,979,15,90,62,28,49,96,222,0,23.3,28.7,44.7,33472,116400,N/A,24.3,71.1,4.4
31803,buena_vista,georgia,Marion County,5912,21,89,59,30,50,95,214,0,42.2,49.3,40.6,36362,97200,N/A,51.7,43.0,2.2
31815,lumpkin,georgia,Stewart County,3499,14,91,60,31,50,86,214,0,58.1,59.9,35.8,31066,74400,3.7,38.9,22.2,33.8
31829,columbus,georgia,Muscogee County,861,74,91,59,32,49,97,214,0,21.6,41.7,46.9,102022,244000,N/A,10.6,86.3,3.1
31906,columbus,georgia,Muscogee County,21777,3173,91,59,32,49,105,214,0,68.5,86.1,37,35239,66800,N/A,65.9,28.4,2.6
39826,bronwood,georgia,Terrell County,347,16,90,60,30,50,90,215,0,63.1,70.0,56.4,21979,107900,N/A,65.1,34.0,N/A
39846,edison,georgia,Calhoun County,1777,21,90,60,30,52,84,220,0,50.6,53.0,42.1,21597,57600,N/A,60.1,31.7,3.9
39885,sasser,georgia,Terrell County,83,279,92,62,30,50,88,215,0,34.2,41.7,27.8,51250,103000,N/A,22.9,77.1,N/A
30008,marietta,georgia,Cobb County,33276,3519,87,54,33,53,112,217,2,51.5,70.8,31.2,44246,157400,2.0,38.3,23.8,32.4
30022,johns_creek,georgia,Fulton County,68690,2699,87,52,35,54,107,217,2,15.6,21.4,38.6,97819,409800,17.0,11.7,59.3,8.5
30039,snellville,georgia,Gwinnett County,45593,1821,89,54,35,52,99,217,1,29.9,40.4,36.1,56791,199200,3.2,62.1,25.0,7.4
30055,mansfield,georgia,Newton County,3057,60,90,56,34,48,94,218,1,21.2,28.3,40.4,60596,233800,N/A,2.7,94.0,1.1
30071,norcross,georgia,Gwinnett County,24943,2088,87,53,34,54,106,217,1,43.2,52.8,30.4,40729,168800,10.3,19.1,22.0,46.3
30087,stone_mountain,georgia,DeKalb County,38496,1647,88,54,34,53,106,217,1,27.3,37.2,42.5,67420,211900,3.6,61.2,27.6,5.5
30104,aragon,georgia,Polk County,4232,111,89,54,35,49,98,216,1,25.6,36.4,44.3,42188,97900,N/A,6.5,90.5,1.6
30117,carrollton,georgia,Carroll County,36298,331,88,55,33,52,106,217,1,45.3,56.4,31.4,35593,142800,N/A,21.9,63.2,11.1
30134,douglasville,georgia,Douglas County,43474,876,87,54,33,54,110,217,2,42.1,55.1,35.9,46357,130600,1.4,44.2,45.2,7.8
30149,mount_berry,georgia,Floyd County,1876,215,89,54,35,53,102,216,1,19.2,32.9,20.2,0,127600,1.1,11.8,82.4,3.6
30173,silver_creek,georgia,Floyd County,5755,171,89,54,35,51,99,214,1,29.9,39.1,42.8,44942,134500,N/A,3.5,91.4,2.4
30185,whitesburg,georgia,Carroll County,4226,67,88,55,33,51,104,217,1,28.8,35.5,40.1,53396,172000,N/A,2.4,95.6,1.7
30216,flovilla,georgia,Butts County,2448,82,91,57,34,47,93,219,1,45.2,52.3,35.1,50670,87700,N/A,41.0,57.8,N/A
30234,jenkinsburg,georgia,Butts County,1890,163,90,55,35,49,101,217,1,47.2,54.6,33.7,48083,94200,N/A,42.6,55.6,N/A
30256,meansville,georgia,Pike County,2540,74,89,57,32,48,102,217,1,27.5,33.6,40.2,50972,158900,N/A,4.3,93.7,1.0
30274,riverdale,georgia,Clayton County,35558,3365,89,54,35,50,108,217,2,58.4,73.7,31.7,37634,89300,4.2,75.4,7.1,11.3
30290,tyrone,georgia,Fayette County,8801,493,89,55,34,50,109,217,2,13.7,18.2,41.1,85383,310500,2.1,27.2,61.8,6.5
30306,atlanta,georgia,Fulton County,23299,5329,88,54,34,52,110,217,1,50.9,71.4,35.7,83903,712800,3.0,5.8,82.8,5.0
30316,atlanta,georgia,Fulton County,33286,2659,88,54,34,51,109,217,2,65.2,80.5,35.5,46977,287200,1.7,52.3,37.8,4.9
30331,atlanta,georgia,Fulton County,64652,1747,87,54,33,51,110,217,1,77.2,86.2,35,40847,154000,N/A,95.4,1.3,2.0
30344,east_point,georgia,Fulton County,33127,2737,88,54,34,51,109,217,2,66.5,77.9,36.3,37324,113800,1.4,74.9,12.3,10.1
30411,alamo,georgia,Wheeler County,4713,31,91,61,30,49,90,219,0,51.2,56.2,37.1,35078,54000,N/A,48.5,49.0,2.5
30427,glennville,georgia,Tattnall County,12645,53,91,63,28,48,105,214,0,34.4,42.3,35.8,43143,132500,N/A,23.4,59.2,15.9
30446,newington,georgia,Screven County,1198,18,91,61,30,48,97,216,0,43.3,48.4,34.8,48750,74000,N/A,37.5,56.5,3.8
30457,soperton,georgia,Treutlen County,5806,33,91,61,30,48,90,219,0,43.0,49.9,42.6,38613,81100,N/A,34.1,63.3,2.2
30475,vidalia,georgia,Toombs County,0,37.4,91,62,29,49.4,91.9,216,0.1,N/A,N/A,7.2,0,113100,30475,30475,30475,30475
30516,bowersville,georgia,Hart County,1851,88,88,54,34,48,93,218,1,37.1,43.0,43.8,39375,92700,N/A,20.0,76.9,1.6
30528,cleveland,georgia,White County,24135,135,83,51,32,66,125,218,3,30.1,45.7,42.5,38453,175700,N/A,1.7,92.6,3.2
30540,ellijay,georgia,Gilmer County,19608,100,86,51,35,57,110,210,3,31.1,39.3,42.8,39340,189400,N/A,N/A,81.4,15.4
30553,lavonia,georgia,Franklin County,7907,133,88,54,34,49,93,218,1,37.8,44.3,40.6,37031,157200,N/A,10.3,82.0,6.6
30565,nicholson,georgia,Jackson County,4393,129,88,54,34,48,109,218,2,28.7,34.4,40.3,48533,174300,N/A,3.5,81.8,13.0
30581,wiley,georgia,Rabun County,35,174,84,52,32,67,128,217,4,14.9,32.3,26.2,0,182400,N/A,N/A,100.0,N/A
30621,bishop,georgia,Oconee County,5779,118,89,55,34,48,112,218,1,8.7,13.8,37.8,76224,354600,1.4,6.0,88.1,3.5
30633,danielsville,georgia,Madison County,8990,90,88,54,34,48,105,218,0,32.9,39.9,40.5,43125,130600,2.2,1.3,92.3,2.1
30656,monroe,georgia,Walton County,15700,225,89,55,34,49,103,218,1,33.5,45.3,39.1,52472,197200,1.7,19.8,73.0,1.9
30673,washington,georgia,Wilkes County,7864,30,90,56,34,45,99,218,1,50.1,53.6,43.4,30982,99800,N/A,44.4,48.1,5.8
30711,crandall,georgia,Murray County,3454,50,89,52,37,55,108,210,2,17.8,31.5,41.6,32972,107900,1.6,N/A,94.8,2.5
30735,resaca,georgia,Gordon County,5880,94,89,53,36,52,99,210,3,32.0,39.0,42.6,41299,110900,1.7,1.0,91.7,5.4
30751,tennga,georgia,Murray County,52,92,89,52,37,55,112,210,2,18.9,31.4,65.1,49038,91300,N/A,N/A,100.0,N/A
30808,dearing,georgia,McDuffie County,4736,75,89,57,32,45,101,218,0,34.9,41.1,41.3,43550,101500,N/A,19.2,71.7,6.1
30820,mitchell,georgia,Glascock County,1272,15,90,58,32,45,95,218,0,34.2,41.2,43.1,49300,84500,N/A,26.0,69.1,2.2
30904,augusta,georgia,Richmond County,25616,2474,91,59,32,45,104,218,1,60.3,77.0,34.3,32786,118400,1.3,48.1,44.9,4.4
31006,butler,georgia,Taylor County,4556,25,89,58,31,49,90,217,0,45.5,48.6,43.5,35521,75800,1.6,44.9,53.2,N/A
31018,davisboro,georgia,Washington County,2536,28,91,59,32,47,99,218,0,42.9,45.1,39,42341,93800,N/A,55.5,38.6,5.5
31029,forsyth,georgia,Monroe County,16787,65,90,58,32,47,90,219,0,35.9,47.5,39.4,46971,158900,N/A,27.9,68.1,2.3
31041,ideal,georgia,Macon County,748,14,91,60,31,47,96,219,0,51.1,55.5,54.5,29063,73200,3.3,58.8,37.7,N/A
31054,mc_intyre,georgia,Wilkinson County,1677,33,91,59,32,46,93,219,0,39.8,47.2,44.2,32679,58900,N/A,40.5,47.8,8.8
31066,musella,georgia,Crawford County,1548,23,90,59,31,46,100,219,0,28.0,33.7,42.4,62772,174800,N/A,29.7,68.2,N/A
31078,roberta,georgia,Crawford County,3014,29,91,59,32,46,99,219,0,46.0,57.6,40.9,45278,78100,1.0,51.1,46.2,N/A
31090,toomsboro,georgia,Wilkinson County,853,6,91,60,31,46,88,219,0,59.4,61.4,49.4,31481,86200,N/A,39.9,57.3,1.8
31206,macon,georgia,Bibb County,27122,971,91,59,32,46,103,219,0,71.3,95.0,29.9,22318,55600,1.5,76.4,15.4,4.5
31303,clyo,georgia,Effingham County,2543,31,90,61,29,48,103,214,0,20.3,39.0,36.7,39922,164200,N/A,25.0,74.2,N/A
31316,ludowici,georgia,Long County,12533,43,91,64,27,48,107,214,0,35.3,39.5,32.7,50092,190900,1.1,28.1,62.5,4.9
31329,springfield,georgia,Effingham County,9451,89,90,61,29,48,97,214,0,25.4,32.7,34.5,50844,151900,N/A,19.1,73.3,4.7
31411,skidaway_island,georgia,Chatham County,8328,393,90,63,27,49,103,214,0,5.6,12.5,65,109614,483200,2.1,1.4,93.7,1.8
31519,broxton,georgia,Coffee County,3179,24,91,62,29,47,98,219,0,45.7,55.5,44.6,32469,100500,N/A,15.8,75.1,8.6
31537,folkston,georgia,Charlton County,10787,37,92,66,26,51,104,221,0,36.7,40.3,41.4,44132,96400,N/A,30.1,55.9,10.0
31550,manor,georgia,Ware County,759,15,91,64,27,49,107,221,0,57.0,84.5,39.5,36293,64900,N/A,N/A,79.6,18.2
31561,sea_island,georgia,Glynn County,268,57,90,63,27,48,102,217,0,37.9,56.1,54.3,25625,2305700,N/A,N/A,100.0,N/A
31605,valdosta,georgia,Lowndes County,21818,409,91,64,27,52,103,230,0,25.8,41.3,30,50533,141800,2.9,27.4,58.6,7.0
31630,du_pont,georgia,Clinch County,574,6,91,64,27,52,104,222,0,62.6,70.5,28.1,14323,51600,N/A,20.4,38.7,25.3
31642,pearson,georgia,Atkinson County,4905,26,91,64,27,49,109,220,0,45.5,53.2,35,26859,73100,N/A,21.7,54.5,23.5
31705,albany,georgia,Dougherty County,33118,215,92,62,30,50,96,226,0,65.2,72.6,31.4,27266,57500,N/A,69.7,25.1,3.6
31722,berlin,georgia,Colquitt County,388,515,91,64,27,51,100,231,0,29.7,32.2,44.4,21458,66500,N/A,25.5,64.9,8.2
31756,hartsfield,georgia,Colquitt County,796,20,90,64,26,52,91,231,0,18.4,40.4,41.5,33500,109900,N/A,8.2,78.3,N/A
31775,omega,georgia,Tift County,3260,71,91,64,27,49,98,228,0,37.9,43.0,31.7,23245,80500,N/A,5.3,52.9,40.4
31790,sycamore,georgia,Turner County,1749,27,91,61,30,48,91,220,0,32.6,34.8,38.3,41417,94300,N/A,22.5,71.9,1.5
31804,cataula,georgia,Harris County,5977,114,91,59,32,49,95,214,0,19.3,32.2,43.7,90847,228100,N/A,4.3,91.2,2.6
31816,manchester,georgia,Meriwether County,5233,132,89,58,31,49,94,214,0,50.8,57.7,40.2,29950,51400,1.2,42.1,54.3,N/A
31830,warm_springs,georgia,Meriwether County,2882,53,89,58,31,49,94,214,0,46.3,58.7,33.8,38780,125900,3.1,36.1,58.3,N/A
31907,columbus,georgia,Muscogee County,56573,2459,91,59,32,49,105,214,0,54.4,81.6,34.4,39454,82500,1.2,68.7,22.7,4.7
39827,cairo,georgia,Grady County,4435,75,90,64,26,52,87,231,0,39.0,48.4,35.5,31085,133500,2.2,12.9,76.7,7.0
39851,fort_gaines,georgia,Clay County,1927,16,91,60,31,53,86,215,0,59.2,62.2,46,20275,61100,N/A,72.1,26.8,N/A
39886,shellman,georgia,Randolph County,1704,14,90,60,30,51,84,214,0,53.0,60.3,39.3,30507,97600,N/A,40.1,51.6,4.4
30009,alpharetta,georgia,Fulton County,15585,1625,87,52,35,53,107,217,2,26.9,35.7,40.8,75379,362700,13.4,10.6,62.5,9.8
30024,suwanee,georgia,Gwinnett County,74804,1756,87,52,35,54,109,217,1,9.0,17.4,37.9,100690,355700,22.9,9.4,57.4,7.2
30040,cumming,georgia,Forsyth County,66783,1135,87,52,35,54,107,217,2,13.4,30.1,36.4,82234,305300,6.0,4.0,75.9,12.0
30056,newborn,georgia,Newton County,2534,66,90,56,34,48,93,218,1,24.8,30.5,42,49474,191300,N/A,12.6,84.5,2.5
30072,pine_lake,georgia,DeKalb County,630,3198,88,54,34,53,109,217,2,41.8,53.0,48.3,54539,202900,N/A,24.9,68.7,4.3
30088,redan,georgia,DeKalb County,28857,3713,88,54,34,53,106,217,1,51.9,61.9,37.2,46606,124000,2.1,89.5,4.4,2.8
30105,armuchee,georgia,Floyd County,1819,31,89,53,36,53,108,210,1,15.9,32.6,48.9,61023,167100,N/A,N/A,95.7,3.1
30118,carrollton,georgia,Carroll County,2285,6109.6,88,55,33,52.0,106.4,217,0.9,N/A,N/A,19.6,0,151800,1.1,66.1,26.4,5.6
30135,douglasville,georgia,Douglas County,65106,778,87,54,33,53,107,217,2,29.4,42.4,37.5,61799,179600,1.3,41.9,47.0,8.1
30152,kennesaw,georgia,Cobb County,43653,2073,87,54,33,53,114,217,2,20.5,26.9,36.5,75257,277000,5.1,18.2,64.8,9.0
30175,talking_rock,georgia,Pickens County,5485,62,86,51,35,55,107,213,3,26.9,45.9,42.8,45335,157300,N/A,N/A,95.5,1.9
30187,winston,georgia,Douglas County,8174,238,87,55,32,52,106,217,1,22.9,35.3,40.1,67826,211400,1.8,14.4,77.5,3.8
30217,franklin,georgia,Heard County,9594,37,89,57,32,52,93,216,1,36.0,44.7,41.2,39750,123500,N/A,10.5,84.2,N/A
30236,jonesboro,georgia,Clayton County,47188,1465,89,54,35,50,110,217,2,47.9,58.4,33.3,41368,143100,4.4,62.4,20.0,11.6
30257,milner,georgia,Lamar County,4740,107,89,57,32,49,103,217,1,27.8,30.9,38.4,50115,167100,N/A,15.1,78.7,5.7
30275,sargent,georgia,Coweta County,0,37.4,89,55,34,50.8,104.1,217,0.9,N/A,N/A,7.5,0,213500,30275,30275,30275,30275
30291,union_city,georgia,Fulton County,21121,1731,88,54,34,51,106,217,2,67.8,78.4,32,35052,130400,N/A,84.6,9.8,4.7
30307,atlanta,georgia,Fulton County,19781,4333,87,54,33,51,109,217,2,54.0,75.3,36,79563,556400,3.8,13.9,75.8,2.9
30317,atlanta,georgia,DeKalb County,13936,3975,88,54,34,51,109,217,2,63.8,79.7,36.2,53922,399400,2.1,45.3,45.6,3.6
30332,atlanta,georgia,Fulton County,3165,37678.6,87,54,33,53.2,110.2,217,1.4,N/A,N/A,20.1,0,285700,23.9,15.1,48.1,7.2
30345,atlanta,georgia,DeKalb County,25831,3629,87,54,33,53,107,217,1,30.2,49.0,34.1,65010,452500,6.0,22.4,45.9,22.3
30412,alston,georgia,Montgomery County,84,55,91,62,29,50,99,219,0,23.0,29.2,39.8,68125,174100,9.5,7.1,83.3,N/A
30428,glenwood,georgia,Wheeler County,2765,19,91,61,30,49,90,219,0,32.9,35.0,47.3,24621,63700,N/A,30.3,68.2,N/A
30448,nunez,georgia,Emanuel County,41,14,91,61,30,47,92,216,0,18.7,37.8,53.8,51000,75400,N/A,70.7,29.3,N/A
30458,statesboro,georgia,Bulloch County,43445,296,91,61,30,47,99,214,0,47.6,58.4,24.4,27984,142600,1.8,35.1,56.1,4.7
30477,wadley,georgia,Jefferson County,2821,40,91,59,32,45,94,218,0,53.6,59.5,41.1,21046,74000,N/A,68.7,22.9,7.9
30517,braselton,georgia,Jackson County,13366,478,88,53,35,52,103,218,1,15.9,21.1,36.3,71627,278500,3.4,8.0,76.4,7.4
30529,commerce,georgia,Jackson County,10766,209,88,54,34,50,109,218,1,40.4,43.7,36.8,40239,154000,N/A,12.6,77.3,6.8
30541,epworth,georgia,Fannin County,1472,21,86,52,34,57,123,210,4,28.6,34.2,52.6,52539,186000,N/A,N/A,86.9,13.1
30554,lula,georgia,Hall County,7486,103,86,52,34,54,114,218,1,28.7,35.2,37.1,49991,152500,2.6,4.1,85.6,5.9
30566,oakwood,georgia,Hall County,8126,873,87,52,35,54,107,218,1,48.1,58.5,35.2,48951,146400,1.5,9.2,56.3,30.3
30582,young_harris,georgia,Towns County,5044,101,84,52,32,59,126,206,4,26.7,33.0,40.5,43333,209400,N/A,1.7,94.2,2.2
30622,bogart,georgia,Oconee County,10666,259,89,55,34,48,106,218,1,20.1,42.5,42.3,62022,262800,2.6,12.3,74.6,7.0
30634,dewy_rose,georgia,Elbert County,2097,44,87,54,33,47,100,218,0,22.6,27.2,49.9,25574,116500,2.7,5.5,84.0,7.8
30660,rayle,georgia,Wilkes County,1019,10,89,56,33,46,104,218,0,42.6,50.6,45,34706,97400,1.9,28.0,70.2,N/A
30677,watkinsville,georgia,Oconee County,18786,159,89,55,34,48,112,218,1,15.9,23.0,40.7,69356,252600,4.4,5.3,86.0,3.3
30720,dalton,georgia,Whitfield County,28480,586,89,52,37,52,103,210,2,38.5,47.7,33.1,43102,154900,3.0,5.0,57.0,34.4
30736,ringgold,georgia,Catoosa County,43301,337,89,52,37,49,98,210,1,23.0,37.4,39.1,58744,169800,N/A,1.7,92.0,3.5
30752,trenton,georgia,Dade County,8426,108,83,47,36,59,114,210,4,27.4,33.3,43.5,43675,134500,N/A,N/A,93.7,2.6
30809,evans,georgia,Columbia County,45453,1041,90,58,32,45,101,218,1,13.5,21.6,37.2,86732,256300,4.6,12.1,75.2,5.6
30821,norwood,georgia,Warren County,693,7,89,56,33,44,98,218,0,37.9,44.5,54,23269,61700,N/A,50.6,49.1,N/A
30905,augusta,georgia,Richmond County,7754,554,90,58,32,45,104,218,1,47.3,72.9,21.7,49415,148700,1.9,25.2,46.2,17.8
31007,byromville,georgia,Dooly County,1019,16,91,60,31,47,98,219,0,36.5,37.2,47.8,28545,72100,1.1,45.1,36.9,16.7
31019,dexter,georgia,Laurens County,2323,43,91,60,31,47,87,219,0,35.3,41.6,36.9,42865,121900,N/A,18.2,80.9,N/A
31030,fort_valley,georgia,Peach County,17994,103,91,59,32,46,101,219,0,49.7,52.9,32.8,32114,81400,1.5,52.6,35.2,9.9
31042,irwinton,georgia,Wilkinson County,1415,15,91,60,31,46,93,219,0,28.1,31.1,46.9,42366,90100,N/A,55.1,40.1,4.7
31055,mcrae,georgia,Telfair County,8255,61,91,62,29,47,90,219,0,58.3,62.0,39.6,28959,70000,N/A,38.5,39.4,21.1
31067,oconee,georgia,Washington County,217,62,91,59,32,46,93,218,0,41.0,42.6,58.7,41250,40200,N/A,38.2,61.8,N/A
31079,rochelle,georgia,Wilcox County,2200,20,91,62,29,47,89,219,0,31.8,41.7,38.3,33864,85300,N/A,26.0,71.3,2.0
31091,unadilla,georgia,Dooly County,4609,53,91,60,31,47,97,219,0,57.2,58.6,43.6,24635,79200,N/A,60.1,34.5,5.3
31207,macon,georgia,Bibb County,1082,6254,91,59,32,46,103,219,0,15.7,31.5,19.7,0,96700,4.0,28.9,60.6,1.8
31304,crescent,georgia,McIntosh County,0,37.4,90,63,27,48.6,101.2,214,0.1,N/A,N/A,7.1,0,130800,31304,31304,31304,31304
31318,meldrim,georgia,Effingham County,647,476,91,63,28,49,101,214,0,17.5,33.0,53.9,112527,188600,N/A,11.7,88.3,N/A
31331,townsend,georgia,McIntosh County,6891,23,90,63,27,49,101,214,0,26.6,37.9,52.5,47072,133400,N/A,30.8,66.5,1.2
31415,savannah,georgia,Chatham County,12680,2079,90,62,28,49,105,214,0,63.5,76.2,33,24471,65700,N/A,93.8,2.8,1.8
31520,brunswick,georgia,Glynn County,22950,1364,90,63,27,48,102,219,0,68.0,76.6,38.3,27670,61700,1.9,51.1,35.5,9.2
31539,hazlehurst,georgia,Jeff Davis County,14570,54,91,63,28,48,103,217,0,35.6,49.3,36.1,36647,91100,N/A,17.0,71.0,11.6
31551,mershon,georgia,Pierce County,1257,18,91,63,28,48,103,218,0,40.1,42.4,38.2,47694,78600,N/A,10.5,51.7,37.8
31562,saint_george,georgia,Charlton County,2447,23,92,67,25,52,110,221,0,19.7,33.1,37.4,29583,93500,1.3,1.2,93.2,N/A
31606,valdosta,georgia,Lowndes County,4115,93,91,64,27,52,102,229,0,38.7,43.5,32.7,41514,125500,1.4,18.7,74.5,3.1
31631,fargo,georgia,Clinch County,430,3,92,66,26,50,102,221,0,22.5,27.0,49.8,36591,56600,N/A,13.7,80.7,N/A
31643,quitman,georgia,Brooks County,8539,33,91,64,27,53,106,231,0,52.7,59.6,42.9,31722,103600,N/A,46.0,47.4,4.5
31707,albany,georgia,Dougherty County,25357,1352,92,62,30,50,94,216,0,61.5,69.9,34.8,34257,98600,1.9,59.3,34.3,2.0
31730,camilla,georgia,Mitchell County,9034,36,90,62,28,54,96,231,0,55.3,65.4,39.6,31393,94300,N/A,59.4,33.0,7.1
31757,thomasville,georgia,Thomas County,10530,124,91,65,26,51,90,231,0,30.0,45.7,39.2,44346,175400,2.7,22.1,71.6,2.5
31778,pavo,georgia,Thomas County,2364,22,91,64,27,52,92,231,0,43.9,34.1,48.5,36511,106500,N/A,16.4,72.0,10.4
31791,sylvester,georgia,Worth County,12229,64,91,62,29,49,96,224,0,52.2,55.9,39.9,39552,107900,N/A,34.5,62.3,N/A
31805,cusseta-chattahoochee_county_unified,georgia,Chattahoochee County,2519,36,92,60,32,49,94,214,0,47.1,57.5,44.5,34048,94300,N/A,35.6,57.8,1.4
31820,columbus,georgia,Muscogee County,10038,251,91,59,32,49,97,214,0,23.1,45.2,40.4,101667,249600,5.0,18.2,64.1,9.6
31831,waverly_hall,georgia,Harris County,3558,53,90,58,32,49,97,214,0,28.6,31.8,43.5,56538,192500,N/A,30.6,64.5,1.8
31909,columbus,georgia,Muscogee County,38202,2097,91,59,32,49,97,214,0,38.3,76.5,32.7,55814,141500,3.4,18.9,64.6,8.4
39828,cairo,georgia,Grady County,14767,107,91,64,27,51,88,231,0,43.2,52.4,36.7,29397,97700,N/A,37.2,44.5,16.0
39854,georgetown-quitman_county_unified,georgia,Quitman County,2194,17,92,60,32,51,93,214,0,53.0,59.0,50.5,30268,80300,4.8,48.4,44.5,N/A
39897,whigham,georgia,Grady County,3712,26,91,64,27,52,89,231,0,31.7,38.8,43.2,35375,79600,N/A,23.2,72.9,2.4
30011,auburn,georgia,Barrow County,15766,592,88,53,35,52,99,218,1,24.1,29.9,33.9,58146,187000,2.1,14.9,69.2,12.3
30025,social_circle,georgia,Walton County,9318,137,89,55,34,49,104,218,1,23.9,29.2,43.3,51012,204700,N/A,21.7,72.1,4.0
30041,cumming,georgia,Forsyth County,64110,1089,87,52,35,54,110,217,1,9.6,26.4,40,96439,368400,13.0,2.2,76.2,6.1
30058,lithonia,georgia,DeKalb County,56428,1830,88,54,34,52,106,217,2,52.2,62.4,35.7,46459,139000,N/A,90.2,2.5,2.9
30075,roswell,georgia,Fulton County,53200,1784,86,53,33,53,107,217,2,12.3,19.1,42.9,101744,427900,4.1,9.5,77.7,5.9
30092,norcross,georgia,Gwinnett County,35572,3244,86,53,33,54,106,217,1,30.8,42.0,35.9,61683,359100,9.1,24.6,49.7,14.6
30106,austell,georgia,Cobb County,22375,1805,87,54,33,53,106,217,1,44.2,49.7,37.5,44120,163700,1.8,55.0,30.2,11.8
30120,cartersville,georgia,Bartow County,40598,441,90,54,36,48,87,216,0,36.9,49.7,36,45619,173000,N/A,14.0,72.9,10.0
30137,emerson,georgia,Bartow County,1835,463,90,54,36,51,98,217,1,32.8,44.1,37.4,56750,128900,10.3,2.6,68.7,16.2
30153,rockmart,georgia,Polk County,18176,153,90,54,36,50,94,216,1,44.5,58.8,34.2,43327,105700,N/A,14.9,78.1,4.5
30176,tallapoosa,georgia,Haralson County,6657,79,88,54,34,53,111,217,1,42.6,49.5,42.4,39605,117200,N/A,2.0,95.0,N/A
30188,woodstock,georgia,Cherokee County,61885,1407,86,53,33,53,104,217,2,18.3,26.3,37.8,68727,248500,2.5,8.5,77.2,9.0
30218,gay,georgia,Meriwether County,1433,21,90,57,33,49,103,217,1,21.6,25.5,52.3,37841,122800,N/A,30.6,65.8,N/A
30238,jonesboro,georgia,Clayton County,38173,2260,89,54,35,50,110,217,2,56.2,65.8,32.4,43344,124400,3.2,71.4,10.8,11.2
30258,molena,georgia,Pike County,2542,45,89,58,31,49,94,215,0,23.5,24.3,39.6,46563,133700,1.1,6.6,88.1,N/A
30276,senoia,georgia,Coweta County,14763,150,89,56,33,50,110,217,1,14.3,18.7,37.9,66062,240300,N/A,8.3,86.0,4.7
30292,williamson,georgia,Pike County,6332,109,89,56,33,49,104,217,1,20.9,26.8,37.7,62500,187100,N/A,8.1,88.7,2.4
30308,atlanta,georgia,Fulton County,17559,11009,87,54,33,51,110,217,1,69.4,83.3,33.1,52424,272500,5.9,31.2,53.9,6.6
30318,atlanta,georgia,Fulton County,49788,2441,87,54,33,53,110,217,1,71.7,84.0,31.7,40236,173900,6.1,52.7,33.3,5.1
30334,atlanta,georgia,Fulton County,0,37.4,88,54,34,51.4,110.3,217,1.5,N/A,N/A,7.5,0,285700,30334,30334,30334,30334
30346,dunwoody,georgia,DeKalb County,5363,5331,86,53,33,53,107,217,1,37.8,54.7,34.2,64615,328000,27.1,20.0,48.4,4.6
30413,bartow,georgia,Jefferson County,2031,16,91,59,32,46,94,218,0,37.7,41.1,41.6,48036,114600,N/A,34.4,63.7,1.9
30429,hagan,georgia,Evans County,190,872,91,63,28,48,104,219,0,60.1,63.6,41.1,43654,129800,10.0,72.1,17.9,N/A
30449,oliver,georgia,Screven County,174,23,91,61,30,47,97,216,0,35.2,39.3,35.2,36750,76000,N/A,25.9,74.1,N/A
30460,statesboro,georgia,Bulloch County,1816,113500.0,91,61,30,46.7,98.7,214,0.1,N/A,N/A,19.5,0,154700,N/A,41.5,47.1,7.9
30501,gainesville,georgia,Hall County,28925,1320,87,52,35,55,106,218,1,54.7,65.2,31.2,34574,156300,1.2,14.9,40.6,41.9
30518,sugar_hill,georgia,Gwinnett County,50519,1271,87,52,35,54,110,217,2,27.7,37.4,36.6,63889,256100,8.1,10.8,56.5,21.6
30530,commerce,georgia,Banks County,6324,81,88,54,34,50,102,218,2,32.3,38.4,37.7,45625,183300,1.7,3.9,89.5,2.2
30542,flowery_branch,georgia,Hall County,35973,851,87,52,35,54,107,218,1,19.9,26.7,38.5,66354,226000,1.5,6.1,78.0,12.3
30555,mc_caysville,georgia,Fannin County,2312,175,86,52,34,58,117,208,4,41.1,44.9,43.8,25875,128000,N/A,N/A,95.4,1.0
30567,pendergrass,georgia,Jackson County,3269,104,89,54,35,49,103,218,1,22.1,28.1,39.8,44306,231100,6.2,1.0,88.8,3.1
30601,athens,georgia,Clarke County,23794,1009,88,55,33,48,109,218,1,54.6,68.7,26,21649,147800,1.0,45.2,39.2,12.8
30623,bostwick,georgia,Morgan County,203,94,89,55,34,48,106,218,1,4.0,8.0,45.5,31250,124600,N/A,56.7,26.1,17.2
30635,elberton,georgia,Elbert County,14720,52,87,53,34,48,100,218,0,48.9,59.1,42.5,34169,91700,N/A,36.9,58.3,4.2
30662,royston,georgia,Franklin County,8743,109,88,54,34,48,97,218,1,40.0,49.2,37.2,32379,127100,N/A,11.1,86.0,1.5
30678,white_plains,georgia,Greene County,1462,21,90,56,34,45,97,218,0,31.7,38.5,49.3,33427,148600,N/A,38.2,51.6,9.2
30721,dalton,georgia,Whitfield County,53668,432,89,53,36,55,108,210,2,42.2,50.2,34.1,35628,111600,N/A,4.0,49.4,44.6
30738,rising_fawn,georgia,Dade County,3509,41,85,48,37,58,115,210,4,26.2,41.3,50.6,50673,158100,N/A,N/A,99.7,N/A
30753,trion,georgia,Chattooga County,7028,172,89,53,36,56,101,210,1,41.0,45.9,38.3,34415,67300,N/A,1.9,83.6,12.6
30810,gibson,georgia,Glascock County,1957,24,90,58,32,45,99,218,0,35.4,43.0,42.3,34722,70500,N/A,5.9,92.1,1.0
30822,perkins,georgia,Jenkins County,643,18,91,60,31,45,89,218,0,40.5,47.0,43.8,30729,43600,N/A,N/A,100.0,N/A
30906,augusta,georgia,Richmond County,59275,702,91,59,32,46,99,218,1,60.1,76.3,34.7,33909,96700,N/A,64.7,27.8,4.4
31008,byron,georgia,Peach County,18184,261,91,59,32,46,102,219,0,26.3,36.2,41,52466,159900,N/A,24.0,69.3,4.4
31020,dry_branch,georgia,Twiggs County,1811,17,91,59,32,46,99,219,0,34.2,60.2,45.2,26419,70200,N/A,34.8,60.2,N/A
31031,gordon,georgia,Wilkinson County,6217,47,91,60,31,46,94,219,0,37.7,41.9,37.2,38246,84900,N/A,31.6,64.8,N/A
31044,jeffersonville,georgia,Twiggs County,3771,22,91,60,31,46,93,219,0,54.1,57.8,45.9,24609,72800,N/A,56.1,43.0,N/A
31057,marshallville,georgia,Macon County,2318,27,91,59,32,46,100,219,0,50.0,52.4,39.9,32167,97100,N/A,63.9,31.8,N/A
31068,oglethorpe,georgia,Macon County,5243,58,91,60,31,48,100,219,0,67.2,73.2,38,32560,49400,2.6,68.1,24.7,2.2
31081,rupert,georgia,Taylor County,231,7,89,59,30,48,97,217,0,33.4,45.0,22.3,25877,70300,N/A,N/A,100.0,N/A
31092,vienna,georgia,Dooly County,7229,39,91,60,31,47,96,219,0,43.3,51.0,43.5,29059,113000,N/A,45.5,48.1,5.0
31210,macon,georgia,Bibb County,34216,828,91,59,32,46,102,219,0,42.9,95.1,38.1,60140,176000,3.7,31.6,59.8,3.2
31305,darien,georgia,McIntosh County,6942,163,90,63,27,49,101,215,0,45.0,55.9,43.6,41017,124900,N/A,38.9,57.3,1.8
31320,midway,georgia,Liberty County,8032,69,90,64,26,49,102,214,0,35.6,40.3,39.1,50435,186900,1.4,34.5,57.4,3.3
31401,savannah,georgia,Chatham County,20172,4193,90,62,28,49,105,214,0,51.2,68.8,27,25313,261600,2.9,41.0,48.4,5.7
31419,savannah,georgia,Chatham County,58018,902,90,63,27,49,103,214,0,33.5,59.2,32,49746,165800,3.3,35.4,48.5,8.8
31522,st._simons,georgia,Glynn County,16201,300,90,63,27,48,102,219,0,20.5,32.2,54,69069,388200,N/A,3.6,90.8,2.2
31542,hoboken,georgia,Brantley County,2750,27,91,64,27,52,104,221,0,22.3,26.0,36.2,30446,75800,N/A,7.2,92.5,N/A
31552,millwood,georgia,Ware County,881,10,91,64,27,49,107,221,0,35.1,78.4,28.2,41350,42100,N/A,N/A,99.3,N/A
31563,surrency,georgia,Appling County,1233,11,91,62,29,47,103,216,0,33.3,38.0,46.4,41513,90400,N/A,29.6,66.5,3.9
31620,adel,georgia,Cook County,10623,85,91,65,26,51,106,230,0,39.0,50.7,37.3,37078,124600,N/A,27.8,65.2,5.1
31632,hahira,georgia,Lowndes County,12469,112,91,64,27,52,106,230,0,21.6,28.6,36.3,53812,157800,1.2,11.8,80.3,4.3
31645,ray_city,georgia,Berrien County,5531,110,91,65,26,51,107,229,0,33.7,39.8,31.8,34148,120700,2.9,12.0,78.6,4.6
31709,americus,georgia,Sumter County,16035,126,90,60,30,49,95,216,0,56.9,67.6,31.9,35090,91600,1.9,45.1,43.7,6.9
31733,chula,georgia,Tift County,1320,23,91,61,30,48,93,222,0,24.4,47.0,51.1,46813,156000,N/A,19.5,80.5,N/A
31763,leesburg,georgia,Lee County,24607,97,92,62,30,50,93,217,0,28.9,36.7,36.2,59925,167800,2.1,19.7,73.6,2.2
31779,pelham,georgia,Mitchell County,9682,69,90,63,27,52,89,231,0,45.2,53.8,37.6,28435,102800,N/A,42.5,51.7,2.8
31792,thomasville,georgia,Thomas County,24719,117,91,65,26,51,89,231,0,46.2,62.0,38.5,33628,107900,N/A,45.2,48.4,3.1
31806,ellaville,georgia,Schley County,5064,31,90,60,30,49,97,219,0,40.1,42.8,36.9,38835,111000,N/A,27.1,67.5,5.1
31821,omaha,georgia,Stewart County,380,4,92,61,31,50,96,214,0,66.1,70.5,13,20909,51300,N/A,90.5,9.5,N/A
31832,webster_county_unified,georgia,Webster County,188,8,90,60,30,49,89,214,0,35.4,41.2,49.9,52455,73400,N/A,17.6,76.6,N/A
39813,arlington,georgia,Calhoun County,2243,18,91,63,28,52,89,220,0,68.5,63.3,37.4,24056,57200,1.6,66.3,30.3,1.1
39834,climax,georgia,Decatur County,2446,20,91,64,27,51,93,231,0,25.6,27.9,42.8,41000,103200,N/A,17.3,78.9,3.4
39859,iron_city,georgia,Seminole County,998,17,92,64,28,55,101,231,0,34.9,41.5,37.8,40846,74300,N/A,11.5,86.1,1.9
30012,conyers,georgia,Rockdale County,26919,628,90,55,35,49,99,217,1,54.4,65.3,33.6,41987,117400,1.3,44.5,34.2,18.0
30028,cumming,georgia,Forsyth County,24437,476,87,52,35,55,106,217,1,17.1,31.4,37.5,70713,275100,2.2,N/A,85.2,10.5
30043,lawrenceville,georgia,Gwinnett County,88588,2723,88,54,34,54,103,217,1,25.6,34.5,36.3,66486,235900,12.3,23.0,43.6,18.3
30060,marietta,georgia,Cobb County,39255,2394,87,54,33,53,113,217,2,55.5,73.3,32.4,37162,171500,2.1,28.7,30.0,36.8
30076,roswell,georgia,Fulton County,45847,2945,86,53,33,54,107,217,2,28.0,35.5,35.9,69426,359600,5.0,15.0,54.6,22.5
30093,norcross,georgia,Gwinnett County,55826,4679,88,53,35,53,106,217,1,56.8,66.9,29,34822,158900,10.4,22.9,10.7,53.1
30107,ball_ground,georgia,Cherokee County,14536,134,86,51,35,54,104,217,2,10.7,15.5,41.2,65475,262000,1.0,N/A,94.4,1.0
30121,cartersville,georgia,Bartow County,23795,421,90,54,36,48,94,217,0,30.4,44.0,35.2,45007,163300,1.6,14.0,73.3,8.6
30139,fairmount,georgia,Gordon County,4095,57,90,54,36,53,106,212,2,35.5,39.4,38.9,34451,151000,N/A,1.4,94.6,N/A
30157,dallas,georgia,Paulding County,48747,574,87,54,33,53,109,217,2,23.8,30.3,34.8,60152,138600,N/A,15.8,76.3,4.7
30177,nelson,georgia,Pickens County,936,185,85,51,34,57,102,217,2,30.0,34.0,38.4,34970,127500,N/A,N/A,97.5,N/A
30189,woodstock,georgia,Cherokee County,37078,1906,88,53,35,52,104,217,3,14.0,21.9,39,77930,260900,2.1,7.1,81.9,7.2
30220,grantville,georgia,Coweta County,5266,96,89,57,32,51,98,216,1,30.9,37.7,34.3,46404,132900,N/A,28.9,65.2,4.5
30240,lagrange,georgia,Troup County,30220,217,89,57,32,52,93,214,0,42.8,57.1,35.6,45488,135500,1.2,31.9,60.5,4.2
30259,moreland,georgia,Coweta County,2653,76,90,57,33,51,103,217,1,17.7,23.8,47.7,54048,205500,N/A,6.6,89.5,N/A
30277,sharpsburg,georgia,Coweta County,22262,501,89,55,34,50,109,217,2,12.9,18.0,41,74878,251300,N/A,7.2,84.1,5.5
30293,woodbury,georgia,Meriwether County,3138,39,89,58,31,49,95,214,0,33.2,47.7,45.5,39802,81600,N/A,38.8,61.0,N/A
30309,atlanta,georgia,Fulton County,23458,6863,87,54,33,52,110,217,1,53.9,75.6,34.4,71174,352300,7.9,14.0,70.5,3.9
30319,north_atlanta,georgia,DeKalb County,40602,3911,87,54,33,53,107,217,1,26.1,33.7,36.9,84937,551600,6.8,7.7,72.4,10.9
30336,atlanta,georgia,Fulton County,393,38,87,54,33,53,110,217,1,77.3,87.2,38.5,37917,285700,1.3,82.4,8.7,5.1
30349,atlanta,georgia,Fulton County,73310,1595,88,54,34,51,107,217,2,67.4,71.3,32.6,43379,133000,N/A,91.2,3.0,2.9
30415,brooklet,georgia,Bulloch County,6489,40,91,62,29,47,99,214,0,32.4,35.9,40.6,40811,181500,N/A,5.3,91.6,1.4
30434,louisville,georgia,Jefferson County,5414,27,91,59,32,45,97,218,0,55.9,65.6,34.9,24504,84200,N/A,66.6,28.9,4.4
30450,portal,georgia,Bulloch County,2113,43,91,61,30,48,93,215,0,41.7,43.3,45.8,32793,112200,N/A,39.1,54.6,N/A
30461,statesboro,georgia,Bulloch County,14105,87,91,61,30,48,98,214,0,28.9,38.9,35.8,54474,179800,1.6,21.5,71.6,2.7
30504,gainesville,georgia,Hall County,25466,1535,87,52,35,54,107,218,1,41.5,51.7,30.8,41664,173700,2.8,6.1,34.7,53.9
30519,buford,georgia,Gwinnett County,45736,1333,87,52,35,54,110,218,1,22.4,33.4,35.2,71028,253400,8.8,15.6,59.7,13.2
30531,cornelia,georgia,Habersham County,10510,274,86,52,34,59,121,218,2,32.7,46.3,37.5,35332,136600,2.4,1.6,65.7,27.8
30543,gillsville,georgia,Hall County,4997,132,87,53,34,52,103,218,1,23.4,29.1,37.6,48548,134100,N/A,2.1,60.0,36.1
30557,martin,georgia,Stephens County,4432,79,88,54,34,54,103,218,2,31.1,36.9,45.9,42969,175400,N/A,8.3,86.6,3.1
30568,rabun_gap,georgia,Rabun County,1921,66,84,51,33,64,128,215,4,32.8,46.4,53.2,42614,191900,N/A,6.0,78.9,13.3
30602,athens,georgia,Clarke County,2669,3722.5,88,55,33,47.9,111.6,218,1.4,N/A,N/A,19.5,0,173900,16.3,15.6,59.2,3.9
30624,bowman,georgia,Elbert County,3365,78,87,54,33,47,100,218,0,38.0,44.7,38,40953,96800,N/A,13.8,76.4,8.7
30641,good_hope,georgia,Walton County,1986,58,89,55,34,49,106,218,1,16.8,22.3,49.8,69622,239800,N/A,3.2,92.8,1.2
30663,rutledge,georgia,Morgan County,2978,54,89,56,33,48,102,218,1,30.6,38.0,44.3,50417,220600,N/A,16.1,79.7,1.9
30680,winder,georgia,Barrow County,42196,459,88,54,34,49,104,218,1,37.7,44.0,35.4,51559,177300,3.5,10.8,73.1,9.7
30725,flintstone,georgia,Walker County,4317,290,89,52,37,50,98,210,1,24.9,33.9,42.3,51998,140000,N/A,2.3,89.7,5.6
30739,rock_spring,georgia,Walker County,5821,232,89,52,37,49,97,210,1,24.2,38.2,41.9,64315,162400,N/A,2.4,89.5,5.7
30755,tunnel_hill,georgia,Whitfield County,8749,246,89,52,37,52,97,210,2,28.4,36.0,41.5,41113,121700,N/A,3.6,85.6,10.7
30812,gracewood,georgia,Richmond County,318,2391.0,91,59,32,45.8,98.9,218,0.5,N/A,N/A,66,0,116200,N/A,33.0,66.0,N/A
30823,stapleton,georgia,Jefferson County,1837,25,90,58,32,45,99,218,0,30.8,31.8,43.8,31413,56200,N/A,48.3,48.0,2.0
30907,martinez,georgia,Columbia County,51767,2158,90,58,32,45,104,218,1,27.6,37.5,40.8,62866,167700,6.8,14.5,72.5,3.7
31009,cadwell,georgia,Laurens County,1422,20,91,60,31,47,87,219,0,42.7,49.3,43.5,26458,83600,N/A,14.9,78.8,4.2
31021,dublin,georgia,Laurens County,27710,116,91,60,31,47,87,219,0,49.3,62.3,38.5,34978,115900,1.7,45.5,50.7,1.6
31032,gray,georgia,Jones County,14275,94,91,59,32,46,96,219,0,19.9,26.2,38.2,56747,133300,N/A,21.4,75.6,1.7
31045,jewell,georgia,Warren County,67,18,90,58,32,45,94,218,0,31.8,54.4,63.2,11696,72300,N/A,100.0,N/A,N/A
31058,mauk,georgia,Marion County,1296,13,89,58,31,50,91,215,0,34.2,53.4,51.6,30967,97400,N/A,1.1,96.5,N/A
31069,perry,georgia,Houston County,20192,209,91,59,32,46,105,219,0,34.3,39.7,36,53085,130800,1.4,30.7,60.7,3.0
31082,sandersville,georgia,Washington County,9583,43,91,59,32,46,96,219,0,49.3,59.6,41,30436,100600,1.0,52.4,45.6,N/A
31093,warner_robins,georgia,Houston County,30510,1554,91,59,32,46,101,219,0,50.0,63.2,35.6,33984,73900,2.5,42.8,45.9,7.4
31211,macon,georgia,Bibb County,16278,331,91,59,32,46,102,219,0,63.1,95.1,37.7,38579,82900,1.0,56.8,38.3,2.2
31307,eden,georgia,Effingham County,1091,287,91,63,28,48,101,214,0,47.2,59.1,41.3,37148,168700,N/A,5.6,87.9,6.5
31321,pembroke,georgia,Bryan County,7124,51,91,63,28,47,102,214,0,39.0,45.1,31.9,47917,146200,N/A,21.0,74.6,N/A
31404,savannah,georgia,Chatham County,31594,2107,90,62,28,49,105,214,0,58.4,73.6,31.9,31712,100600,1.2,69.5,24.3,3.3
31501,waycross,georgia,Ware County,14931,1132,91,64,27,48,105,221,0,53.9,68.3,40,32240,78600,2.3,49.0,44.5,1.7
31523,brunswick,georgia,Glynn County,13802,75,90,64,26,49,103,221,0,25.3,34.5,40.4,62401,189100,N/A,7.1,82.3,8.4
31543,hortense,georgia,Brantley County,4247,34,91,64,27,52,107,220,0,29.4,49.5,39.6,47628,77300,N/A,N/A,96.8,2.4
31553,nahunta,georgia,Brantley County,4963,29,91,64,27,52,102,221,0,30.8,34.3,41.5,32204,84500,2.6,3.9,92.4,N/A
31565,waverly,georgia,Camden County,1945,15,90,64,26,50,102,221,0,16.9,39.3,48.7,49178,186800,1.9,20.7,76.2,N/A
31622,alapaha,georgia,Berrien County,2004,18,91,64,27,48,103,222,0,37.7,39.6,39.2,35833,78200,N/A,30.4,66.0,2.2
31634,homerville,georgia,Clinch County,5668,20,91,64,27,49,107,221,0,58.4,68.8,38.3,30625,79500,N/A,28.7,66.2,3.3
31647,sparks,georgia,Cook County,3880,86,91,64,27,49,106,229,0,46.8,54.6,32.7,33564,67700,N/A,31.1,58.0,7.4
31711,andersonville,georgia,Sumter County,696,12,90,60,30,48,99,218,0,43.5,50.6,52,32845,67200,N/A,19.4,53.0,26.9
31735,cobb,georgia,Sumter County,652,30,91,60,31,47,93,219,0,32.2,52.4,60.6,45165,125400,N/A,4.9,89.9,5.2
31764,leslie,georgia,Sumter County,1474,19,91,61,30,48,93,218,0,30.2,31.8,47.3,37250,73600,2.0,43.1,47.6,6.9
31780,plains,georgia,Sumter County,1942,19,90,60,30,49,95,215,0,38.7,40.7,49.3,28036,66100,N/A,41.7,57.2,N/A
31793,tifton,georgia,Tift County,10973,110,90,62,28,49,97,224,0,32.0,43.6,31.8,51343,167400,1.3,14.1,70.9,11.9
31807,ellerslie,georgia,Harris County,3292,283,90,58,32,49,98,214,0,20.0,33.8,40.9,76447,231900,4.0,15.3,77.8,N/A
31822,pine_mountain,georgia,Harris County,5814,51,89,57,32,50,97,214,0,34.1,45.4,45.3,48810,174200,N/A,28.0,63.3,4.3
31833,west_point,georgia,Troup County,6848,70,89,57,32,52,97,214,0,41.2,51.0,41.4,35301,95900,N/A,47.1,52.6,N/A
39815,attapulgus,georgia,Decatur County,2049,40,91,65,26,54,96,231,0,43.9,45.7,35.3,29323,74700,N/A,65.6,20.2,13.3
39836,coleman,georgia,Randolph County,230,3,90,60,30,52,84,214,0,46.1,53.5,65.5,43274,130900,N/A,45.7,54.3,N/A
39861,jakin,georgia,Early County,1102,21,92,64,28,56,104,225,0,61.6,68.8,45,26683,147800,N/A,33.0,64.9,1.0
30013,conyers,georgia,Rockdale County,27354,964,90,55,35,49,99,217,1,37.9,48.8,37.2,51184,183300,2.3,62.6,25.2,7.8
30030,decatur,georgia,DeKalb County,28170,4319,87,54,33,53,109,217,2,27.8,38.3,36.7,68171,508500,5.1,22.3,64.7,4.0
30044,lawrenceville,georgia,Gwinnett County,89143,3635,88,53,35,52,100,217,1,33.5,42.5,33,51604,195900,12.4,25.1,27.1,32.9
30062,marietta,georgia,Cobb County,67238,2603,86,53,33,53,108,217,2,21.5,43.8,40.4,87302,341100,8.8,12.4,68.0,7.3
30078,snellville,georgia,Gwinnett County,34871,2057,88,53,35,52,100,217,1,22.6,33.5,38.7,63288,211300,9.0,34.0,43.4,11.5
30094,conyers,georgia,Rockdale County,33605,832,90,54,36,49,106,217,2,32.5,43.0,40.8,59841,179600,2.3,50.5,38.4,6.1
30108,bowdon,georgia,Carroll County,7665,87,88,55,33,53,107,217,1,31.7,39.2,43.5,39832,129600,N/A,12.2,83.5,N/A
30122,lithia_springs,georgia,Douglas County,26410,1097,87,54,33,53,106,217,1,48.9,60.8,33.1,44843,149900,1.9,52.4,31.1,13.3
30141,hiram,georgia,Paulding County,23259,790,87,54,33,54,110,217,2,25.3,44.3,38.6,55819,146100,N/A,22.2,70.7,5.0
30161,rome,georgia,Floyd County,34636,244,89,54,35,53,102,213,1,46.9,55.7,40.2,38671,123800,N/A,23.0,68.0,6.3
30178,taylorsville,georgia,Bartow County,2789,52,90,54,36,49,99,216,1,38.3,43.2,39.9,70595,194600,2.3,5.5,83.2,8.6
30204,barnesville,georgia,Lamar County,12714,102,89,57,32,49,103,218,1,40.9,51.6,38.2,35338,105000,1.1,36.5,58.9,1.1
30222,greenville,georgia,Meriwether County,3824,26,90,58,32,50,97,214,0,46.8,53.2,42.7,32028,89400,N/A,42.8,45.6,6.3
30241,lagrange,georgia,Troup County,24199,217,90,58,32,52,92,214,0,50.2,64.6,34.6,42745,104800,3.2,40.6,48.6,5.1
30260,morrow,georgia,Clayton County,26395,2341,88,54,34,50,108,217,2,51.9,67.7,33.5,41632,104100,19.5,52.9,12.2,13.0
30281,stockbridge,georgia,Henry County,69320,987,89,54,35,49,107,217,2,36.7,46.6,36.7,52666,170600,4.5,45.6,38.9,8.1
30294,ellenwood,georgia,DeKalb County,40932,1265,88,54,34,50,108,217,2,37.6,47.1,36.5,57944,165000,2.1,84.5,7.2,4.6
30310,atlanta,georgia,Fulton County,30547,3463,88,54,34,51,110,217,2,77.1,86.2,35.1,24664,112100,N/A,88.6,7.4,1.7
30322,druid_hills,georgia,DeKalb County,2843,6581,88,54,34,52,109,217,1,22.5,34.3,19.9,0,202100,31.6,16.2,40.1,7.2
30337,college_park,georgia,Fulton County,13781,1143,88,54,34,50,109,217,2,75.6,78.7,32.5,27862,151800,N/A,79.2,14.3,5.2
30350,sandy_springs,georgia,Fulton County,38840,3102,86,53,33,54,107,217,1,39.1,49.9,34.2,52178,448100,3.5,33.0,47.3,13.1
30417,claxton,georgia,Evans County,10873,63,91,63,28,48,104,214,0,41.4,50.6,37.3,38011,96700,N/A,28.8,58.3,11.6
30436,lyons,georgia,Toombs County,11699,41,91,62,29,50,100,216,0,44.7,53.0,37,27882,94700,N/A,18.9,66.5,12.1
30451,pulaski,georgia,Candler County,40,526,91,62,29,48,100,215,0,21.2,42.9,56.5,26250,206700,N/A,22.5,77.5,N/A
30464,stillmore,georgia,Emanuel County,38,47,91,62,29,47,92,214,0,21.2,42.3,38.5,28438,77000,N/A,42.1,57.9,N/A
30506,gainesville,georgia,Hall County,43738,436,87,52,35,54,107,218,1,21.4,31.2,41.4,61978,231700,N/A,N/A,87.1,10.3
30520,canon,georgia,Franklin County,4781,84,88,54,34,47,98,218,0,41.7,44.2,38.8,30846,140400,N/A,15.9,78.0,6.0
30533,dahlonega,georgia,Lumpkin County,26412,121,85,52,33,61,117,218,3,34.2,43.6,38.1,42327,211400,N/A,2.6,89.9,5.0
30545,helen,georgia,White County,713,18,83,51,32,66,124,216,2,42.9,52.8,50.8,34333,181600,N/A,2.0,95.5,1.7
30558,maysville,georgia,Banks County,5761,97,88,54,34,50,102,218,1,29.7,34.8,39.8,41353,164000,2.1,4.1,91.1,1.4
30571,sautee_nacoochee,georgia,White County,3701,66,83,51,32,66,124,217,2,20.0,27.3,57.4,54351,199200,N/A,4.1,91.7,2.3
30605,athens,georgia,Clarke County,40956,1118,88,55,33,48,109,218,1,41.7,62.0,25.2,32493,173100,7.1,20.9,64.4,5.3
30625,buckhead,georgia,Morgan County,2311,51,90,56,34,47,90,218,1,23.0,31.4,51,51080,319700,N/A,9.7,84.9,4.4
30642,greensboro,georgia,Greene County,11449,58,89,56,33,46,98,218,0,35.4,41.2,52.1,45515,432800,1.4,32.2,59.8,6.3
30664,sharon,georgia,Taliaferro County,32,115,89,56,33,45,99,218,0,20.4,25.1,59.2,25625,39800,N/A,87.5,12.5,N/A
30683,winterville,georgia,Clarke County,6420,164,88,55,33,48,109,218,1,19.8,45.8,42.8,52769,164300,N/A,15.6,70.2,11.7
30726,graysville,georgia,Catoosa County,0,37.4,89,53,36,50.9,98.4,210,1.3,N/A,N/A,7.5,0,152400,30726,30726,30726,30726
30740,rocky_face,georgia,Whitfield County,8328,164,89,52,37,53,102,210,2,23.5,31.6,43.6,55182,161800,N/A,1.2,88.4,7.7
30756,varnell,georgia,Whitfield County,180,1333,89,53,36,52,97,210,2,62.5,80.6,23.4,53375,75000,N/A,N/A,47.8,52.2
30813,grovetown,georgia,Columbia County,41337,833,90,58,32,45,104,218,1,21.9,27.7,31.5,61267,188700,2.0,24.7,57.8,10.5
30824,thomson,georgia,McDuffie County,16733,84,89,57,32,45,97,218,0,48.9,61.3,37,35962,120300,N/A,46.4,49.0,2.0
30909,augusta,georgia,Richmond County,43073,1656,91,59,32,45,104,218,1,41.7,67.8,32.7,41716,170400,3.0,44.0,45.9,4.5
31011,chauncey,georgia,Dodge County,764,15,91,61,30,46,91,219,0,33.5,40.2,38.8,47981,108400,N/A,17.9,71.5,6.5
31022,dudley,georgia,Laurens County,1611,37,91,60,31,47,87,219,0,19.1,25.4,34.9,51250,137100,N/A,12.2,83.4,2.6
31033,haddock,georgia,Jones County,2190,29,91,59,32,46,96,219,0,23.2,49.4,45.7,32927,81600,N/A,21.4,75.7,1.7
31046,juliette,georgia,Monroe County,3064,41,91,59,32,46,94,219,1,21.2,43.9,50.7,51701,190600,1.0,21.8,74.3,1.7
31060,milan,georgia,Dodge County,2183,21,90,61,29,46,92,219,0,31.0,37.1,47.4,35769,78300,N/A,16.5,82.9,N/A
31070,pinehurst,georgia,Dooly County,900,18,91,60,31,47,97,219,0,50.6,52.4,42.5,26364,98400,N/A,31.8,60.7,4.6
31083,scotland,georgia,Telfair County,361,176,91,62,29,48,90,219,0,29.4,36.0,42.1,41667,50600,N/A,23.5,76.5,N/A
31094,warthen,georgia,Washington County,1222,11,90,58,32,45,95,219,0,26.5,43.9,45.6,39087,107900,N/A,39.0,58.2,N/A
31213,macon,georgia,Bibb County,0,37.4,91,59,32,46.2,102.5,219,0.3,N/A,N/A,7.3,0,96700,31213,31213,31213,31213
31308,ellabell,georgia,Bryan County,7353,86,91,63,28,48,100,214,0,24.7,45.3,39.1,45370,163900,N/A,11.1,84.0,1.6
31322,pooler,georgia,Chatham County,25112,863,90,63,27,49,104,214,0,22.2,32.2,37.5,65958,192400,3.7,29.0,57.4,5.5
31405,savannah,georgia,Chatham County,37466,1230,90,63,27,49,103,214,0,41.0,63.4,36.4,44098,162800,2.0,46.4,43.2,5.9
31503,waycross,georgia,Ware County,20748,63,91,64,27,48,105,221,0,39.2,53.0,37.8,36759,89700,N/A,15.9,78.0,5.0
31524,brunswick,georgia,Glynn County,0,37.4,90,63,27,48.3,101.7,221,0.1,N/A,N/A,7.0,0,195400,31524,31524,31524,31524
31544,jacksonville,georgia,Telfair County,741,7,91,62,29,46,92,219,0,41.2,48.4,49.8,26375,73200,N/A,54.5,45.2,N/A
31554,nicholls,georgia,Coffee County,8313,40,91,63,28,47,106,220,0,36.8,40.3,37.1,34967,73400,N/A,32.8,57.2,9.1
31566,waynesville,georgia,Brantley County,4307,68,90,65,25,52,103,221,0,29.5,49.0,37.7,41228,73900,N/A,2.0,88.3,4.6
31623,argyle,georgia,Clinch County,95,107,91,64,27,49,108,222,0,40.8,47.2,49.6,51250,97200,N/A,55.8,44.2,N/A
31635,lakeland,georgia,Lanier County,6224,52,91,65,26,50,106,227,0,56.0,60.5,31.9,29661,95400,N/A,25.7,65.4,5.9
31648,statenville,georgia,Echols County,953,207,91,65,26,52,98,222,0,43.3,65.8,39.2,24524,61000,N/A,8.1,57.9,31.6
31712,arabi,georgia,Crisp County,1158,24,91,60,31,47,88,219,0,40.7,48.6,53.1,47566,74300,N/A,13.3,79.0,7.7
31738,coolidge,georgia,Thomas County,2048,33,91,64,27,51,91,231,0,33.9,35.8,42.8,40324,94200,N/A,20.0,71.0,6.0
31765,meigs,georgia,Thomas County,2887,34,90,64,26,52,90,231,0,39.0,39.0,42.4,30524,80000,3.6,19.0,71.4,5.8
31781,poulan,georgia,Worth County,1795,66,90,62,28,49,95,223,0,27.3,34.2,44.1,39509,84500,N/A,29.1,69.4,N/A
31794,tifton,georgia,Tift County,25524,225,91,63,28,49,94,224,0,57.1,68.7,36.6,31296,120600,1.3,37.2,50.3,9.3
31808,fortson,georgia,Muscogee County,7099,137,91,59,32,49,102,214,0,25.4,49.6,40.9,85543,252100,2.9,8.6,79.6,4.7
31823,pine_mountain_valley,georgia,Harris County,789,92,89,58,31,50,94,214,0,24.7,47.2,45.9,35179,173500,N/A,3.5,92.1,2.2
31836,woodland,georgia,Talbot County,847,10,89,58,31,49,93,214,0,30.1,31.1,60.9,33125,81400,N/A,42.1,57.9,N/A
39817,bainbridge,georgia,Decatur County,10516,72,92,64,28,55,94,231,0,61.5,69.1,34.9,30429,93600,N/A,50.6,47.0,1.7
39837,colquitt,georgia,Miller County,6138,22,92,63,29,54,96,231,0,42.4,47.5,44.4,33644,103700,N/A,32.5,66.2,N/A
39862,leary,georgia,Calhoun County,1404,10,90,62,28,53,94,220,0,23.7,27.7,46.6,45000,83600,N/A,44.8,53.2,1.6
30014,covington,georgia,Newton County,37359,317,90,56,34,48,94,217,1,43.7,58.3,36.1,44316,164100,N/A,34.4,56.9,6.0
30032,candler-mcafee,georgia,DeKalb County,49896,3659,88,54,34,51,109,217,2,64.3,75.3,37.4,32264,170400,N/A,83.0,9.5,3.0
30045,lawrenceville,georgia,Gwinnett County,38337,1763,88,54,34,52,103,217,1,19.2,27.4,34.1,75884,224100,5.4,44.0,31.8,16.1
30064,marietta,georgia,Cobb County,47889,1502,87,54,33,53,114,217,2,21.8,44.3,40.7,75597,294800,2.4,22.1,65.2,7.8
30079,scottdale,georgia,DeKalb County,2675,2093,87,54,33,53,109,217,2,53.9,66.1,37.6,32121,182000,15.7,49.4,25.8,1.0
30096,duluth,georgia,Gwinnett County,68241,2983,87,53,34,54,108,217,1,41.8,49.1,34.7,49441,232600,18.2,26.1,29.3,23.2
30110,bremen,georgia,Haralson County,12969,186,88,54,34,52,104,217,1,31.1,41.2,38.8,46449,135500,N/A,7.0,86.8,2.5
30124,cave_spring,georgia,Floyd County,3001,50,89,54,35,53,100,212,1,31.2,37.8,41.4,40795,155900,N/A,7.0,88.4,2.8
30143,jasper,georgia,Pickens County,22397,161,85,51,34,56,108,216,3,19.5,38.8,47.4,52720,222900,N/A,N/A,93.3,3.8
30164,rome,georgia,Floyd County,0,37.4,90,56,34,47.9,93.3,213,0.6,N/A,N/A,7.4,0,127600,30164,30164,30164,30164
30179,temple,georgia,Carroll County,17495,234,87,54,33,52,104,217,1,31.2,38.1,37,47773,146600,1.4,10.1,84.1,3.4
30205,brooks,georgia,Fayette County,3041,84,89,55,34,49,108,217,1,8.7,14.4,46.4,79514,322600,1.3,2.2,92.9,1.2
30223,griffin,georgia,Spalding County,36737,340,89,55,34,49,111,217,2,54.8,65.6,39.8,34480,79500,N/A,38.2,52.9,6.2
30248,locust_grove,georgia,Henry County,24744,360,89,55,34,49,108,217,1,26.0,43.6,33.3,67042,181200,1.3,26.1,64.9,5.6
30263,newnan,georgia,Coweta County,57226,286,89,56,33,51,104,217,1,36.5,42.4,36.2,48860,177800,1.5,25.9,62.2,7.3
30284,sunny_side,georgia,Spalding County,90,968,89,55,34,49,110,217,2,23.6,29.8,36.3,67292,157700,N/A,N/A,100.0,N/A
30295,zebulon,georgia,Pike County,4225,97,89,57,32,48,103,217,1,27.6,34.3,37.9,39574,164500,N/A,9.9,87.8,N/A
30311,atlanta,georgia,Fulton County,36308,2921,87,54,33,51,110,217,2,77.8,86.5,37.5,26665,122300,N/A,94.2,1.2,3.9
30324,atlanta,georgia,Fulton County,26521,5041,87,54,33,52,108,217,1,62.1,79.7,33.7,60871,405000,10.2,16.0,58.3,10.8
30338,dunwoody,georgia,DeKalb County,34560,3522,86,53,33,54,106,217,1,18.2,31.6,38.2,86008,482500,14.7,11.5,66.0,5.4
30354,atlanta,georgia,Fulton County,16886,1571,88,54,34,50,109,217,2,77.4,86.3,33.5,26373,80100,1.2,72.9,12.5,7.6
30420,cobbtown,georgia,Tattnall County,897,24,91,62,29,49,99,215,0,36.5,42.8,46.5,29500,60900,N/A,14.9,78.8,6.2
30438,manassas,georgia,Tattnall County,27,85,91,63,28,48,103,216,0,18.3,37.9,40.3,55938,102200,N/A,25.9,74.1,N/A
30452,register,georgia,Bulloch County,1133,21,91,62,29,47,99,214,0,28.6,30.8,42.9,36970,101400,1.0,22.1,72.3,4.7
30467,sylvania,georgia,Screven County,12149,24,91,60,31,46,93,218,0,45.8,52.8,41.7,33852,99000,N/A,42.5,53.9,1.6
30507,gainesville,georgia,Hall County,30441,428,87,52,35,54,111,218,1,37.9,46.7,32.9,43550,139300,2.6,12.3,39.1,45.1
30521,carnesville,georgia,Franklin County,5271,56,88,54,34,50,100,218,1,30.0,36.6,45,35506,160400,4.4,5.3,82.9,5.7
30534,dawsonville,georgia,Dawson County,28586,125,87,52,35,56,111,217,2,25.6,32.3,41.7,53731,229200,N/A,1.0,92.8,4.4
30546,hiawassee,georgia,Towns County,6670,49,84,51,33,61,129,209,4,21.0,31.8,58.3,37036,212300,N/A,N/A,96.0,N/A
30559,mineral_bluff,georgia,Fannin County,4714,95,86,52,34,58,125,207,4,33.3,39.8,47.6,42344,198900,2.8,N/A,94.1,2.0
30572,suches,georgia,Union County,1017,10,84,51,33,59,128,212,4,21.8,46.5,57.4,31198,183600,1.1,2.0,81.4,1.5
30606,athens,georgia,Clarke County,42338,1389,89,55,34,48,112,218,1,34.6,56.9,33.1,39790,206200,3.8,22.9,62.6,9.0
30627,carlton,georgia,Madison County,2430,20,88,54,34,47,103,218,1,35.4,41.1,47.1,33980,95900,N/A,16.7,81.0,N/A
30643,hartwell,georgia,Hart County,16244,141,88,54,34,46,102,218,1,38.5,54.4,43.5,37529,156900,1.0,21.2,72.4,3.9
30665,siloam,georgia,Greene County,126,52,90,56,34,45,98,218,1,63.7,72.0,24.4,30625,172900,N/A,76.2,23.8,N/A
30701,calhoun,georgia,Gordon County,40086,265,89,53,36,52,99,210,2,34.7,46.8,36,43218,133400,1.4,5.1,70.6,21.4
30728,la_fayette,georgia,Walker County,21103,122,88,52,36,50,99,210,1,30.2,44.8,38.6,37516,100900,1.6,6.1,90.2,N/A
30741,rossville,georgia,Walker County,29022,1165,89,52,37,50,98,210,1,46.4,55.5,41.9,33305,91000,1.3,3.6,89.7,2.9
30757,wildwood,georgia,Dade County,2339,137,89,52,37,50,98,210,1,49.2,61.7,47.8,33611,127400,3.1,N/A,89.4,2.9
30814,harlem,georgia,Columbia County,7916,155,89,57,32,45,97,218,0,27.2,32.3,40.4,39960,152500,N/A,22.8,70.1,4.0
30828,warrenton,georgia,Warren County,4243,31,89,56,33,44,97,218,0,58.8,65.3,41.1,29107,54000,1.3,61.8,35.7,N/A
30912,augusta,georgia,Richmond County,167,1128.4,91,59,32,45.0,104.1,218,0.6,N/A,N/A,27.3,0,116200,4.2,54.5,32.9,6.0
31012,chester,georgia,Dodge County,2951,54,91,59,32,47,87,219,0,58.7,66.3,43.6,45870,61000,N/A,46.7,49.0,3.8
31023,eastman,georgia,Dodge County,14204,50,91,60,31,46,91,219,0,43.8,56.9,40.4,33070,90900,N/A,25.8,65.9,3.5
31035,harrison,georgia,Washington County,1368,26,91,59,32,47,99,218,1,27.0,28.4,39,41513,87000,N/A,34.2,60.2,3.1
31047,kathleen,georgia,Houston County,13530,188,91,59,32,46,102,219,0,18.5,23.2,37.6,80307,200700,3.1,20.8,67.3,4.9
31061,milledgeville,georgia,Baldwin County,44209,187,91,59,32,46,96,219,0,46.2,56.3,35.1,32223,148800,1.5,41.7,52.5,2.2
31071,pineview,georgia,Wilcox County,1157,21,91,60,31,46,94,219,0,44.5,44.8,38.6,31250,79400,N/A,40.4,56.2,2.1
31084,seville,georgia,Wilcox County,22,83,91,60,31,48,90,219,0,62.0,68.5,68.8,2499,48500,N/A,N/A,100.0,N/A
31096,wrightsville,georgia,Johnson County,6752,40,91,59,32,48,93,219,0,43.5,47.5,42.5,36156,72300,N/A,47.1,52.0,N/A
31216,macon,georgia,Bibb County,16391,298,91,59,32,46,103,219,0,38.5,89.0,42.1,60207,143900,1.8,22.8,67.6,6.8
31309,fleming,georgia,Liberty County,671,26,91,64,27,49,105,214,0,39.1,48.2,47.3,44056,116100,1.0,12.2,82.6,N/A
31323,riceboro,georgia,Liberty County,1203,10,91,64,27,49,103,214,0,42.2,48.4,48.2,44342,103800,N/A,71.7,25.8,N/A
31406,savannah,georgia,Chatham County,35739,1378,90,63,27,49,103,214,0,36.4,60.5,36.1,44454,158100,1.9,37.8,52.9,3.9
31510,alma,georgia,Bacon County,10325,46,91,63,28,47,105,219,0,40.5,54.8,37.4,38563,91100,1.0,15.9,72.6,8.1
31525,brunswick,georgia,Glynn County,29614,302,90,63,27,48,102,219,0,42.6,52.6,34.5,44338,149200,1.5,27.4,61.1,6.7
31545,jesup,georgia,Wayne County,16474,166,91,63,28,47,108,215,0,42.2,58.7,34.8,36438,123600,N/A,18.9,72.1,6.0
31555,odum,georgia,Wayne County,2801,19,91,63,28,47,108,215,0,21.6,27.1,42.1,44018,126600,N/A,4.8,84.6,8.3
31567,west_green,georgia,Coffee County,767,18,91,62,29,48,105,220,0,34.7,68.7,55,28250,148300,N/A,N/A,100.0,N/A
31624,axson,georgia,Atkinson County,1396,18,91,63,28,48,109,221,0,28.0,51.0,37.1,39650,84600,N/A,1.1,77.7,17.1
31636,lake_park,georgia,Lowndes County,10011,51,91,65,26,52,94,229,0,36.8,43.7,36.6,46887,153400,N/A,8.0,78.7,11.2
31649,stockton,georgia,Lanier County,1028,21,91,64,27,52,104,224,0,17.4,46.1,42.8,40813,109900,N/A,14.0,85.3,N/A
31714,ashburn,georgia,Turner County,5930,32,91,61,30,48,91,219,0,51.4,56.2,40.7,27188,85300,N/A,46.8,47.9,5.3
31743,de_soto,georgia,Sumter County,516,10,91,60,31,47,93,218,0,43.4,51.8,32.3,30777,84100,N/A,76.4,13.6,10.1
31768,moultrie,georgia,Colquitt County,23240,154,90,64,26,52,99,231,0,57.0,73.2,35.6,30821,79900,N/A,32.4,48.2,17.7
31783,rebecca,georgia,Turner County,977,10,91,62,29,47,89,219,0,32.7,38.3,48.8,36445,83500,2.0,N/A,90.5,6.1
31795,ty_ty,georgia,Tift County,2091,42,90,62,28,49,96,224,0,38.7,44.8,34.7,47313,85500,N/A,25.3,71.0,3.3
31810,geneva,georgia,Talbot County,207,16,90,58,32,48,92,214,0,44.4,50.7,59.5,20313,106400,N/A,65.2,32.4,N/A
31824,webster_county_unified,georgia,Webster County,1774,16,91,60,31,49,90,214,0,40.9,47.4,39.7,31941,38700,N/A,55.4,41.3,3.0
31901,columbus,georgia,Muscogee County,6688,1504,91,59,32,49,105,214,0,66.5,85.4,36.5,15405,82900,1.4,52.0,40.0,3.9
39819,bainbridge,georgia,Decatur County,10564,68,92,65,27,55,96,231,0,43.2,51.7,42.1,31418,126800,1.1,38.2,50.0,9.8
39840,cuthbert,georgia,Randolph County,5435,26,91,60,31,51,84,214,0,58.7,64.6,42,25868,68000,1.9,65.8,31.5,N/A
39866,morgan,georgia,Calhoun County,2337,42,90,61,29,52,86,220,0,52.2,59.4,37.4,37000,93100,N/A,55.7,33.5,9.4
30016,covington,georgia,Newton County,54131,591,90,55,35,49,98,217,1,40.7,42.5,34.8,50869,157500,1.2,52.8,38.0,5.1
30033,north_decatur,georgia,DeKalb County,31782,3441,87,54,33,53,109,217,1,31.8,43.1,36.8,59780,335500,14.9,12.2,62.4,6.7
30046,lawrenceville,georgia,Gwinnett County,36985,2363,88,54,34,52,103,217,1,40.4,49.7,35.3,45117,185200,7.5,32.5,35.0,22.4
30066,marietta,georgia,Cobb County,54126,1986,86,53,33,53,109,217,2,20.8,42.3,40.7,80409,260600,7.0,12.2,70.3,8.1
30080,smyrna,georgia,Cobb County,54829,4026,87,54,33,53,109,217,1,36.2,46.1,33.5,51697,286800,8.2,29.3,43.6,16.1
30097,johns_creek,georgia,Fulton County,46546,2072,87,52,35,54,108,217,1,12.6,18.1,40.5,98663,417400,38.8,10.8,41.9,6.1
30113,buchanan,georgia,Haralson County,6556,63,88,54,34,52,103,217,1,30.4,39.9,41.2,31799,122700,1.6,4.1,91.4,1.1
30125,cedartown,georgia,Polk County,24536,134,89,54,35,51,98,215,1,40.3,55.7,37.6,38812,89300,N/A,11.4,66.5,20.4
30144,kennesaw,georgia,Cobb County,55573,2463,88,53,35,53,110,217,3,25.6,33.0,29.8,58492,224800,4.6,19.7,59.6,11.9
30165,rome,georgia,Floyd County,41374,249,90,54,36,54,100,210,1,41.2,50.0,36,41844,125100,2.6,12.3,64.6,18.0
30180,villa_rica,georgia,Carroll County,36823,492,87,54,33,53,104,217,1,28.4,39.5,35.4,57444,171200,1.9,23.3,65.9,4.7
30206,concord,georgia,Pike County,3568,64,89,57,32,48,103,217,1,20.7,23.5,41.1,52824,173500,N/A,19.8,77.5,1.9
30224,griffin,georgia,Spalding County,24140,365,89,56,33,49,104,217,1,43.8,54.8,38.6,45773,141000,1.9,27.8,66.5,1.7
30250,lovejoy,georgia,Clayton County,853,3171,89,55,34,49,110,217,2,52.8,66.4,34.4,0,122700,1.5,26.8,10.3,60.1
30265,newnan,georgia,Coweta County,34766,817,89,55,34,52,106,217,1,23.4,29.2,38.3,73449,229300,4.0,14.2,72.6,6.8
30285,the_rock,georgia,Upson County,541,32,89,58,31,48,101,218,1,27.5,33.2,45.9,50781,76600,N/A,5.5,93.0,N/A
30296,riverdale,georgia,Clayton County,28467,2718,89,54,35,50,109,217,2,47.2,61.8,35.1,50371,124800,2.2,83.1,5.3,8.0
30312,atlanta,georgia,Fulton County,21731,6479,88,54,34,51,110,217,2,74.9,85.7,34.1,39653,355800,3.1,49.5,40.5,4.3
30326,atlanta,georgia,Fulton County,5652,8168,87,54,33,53,108,217,1,58.7,78.1,36.4,81498,363600,12.0,14.8,59.2,11.3
30339,vinings,georgia,Cobb County,22163,2701,87,54,33,53,108,217,1,33.2,46.8,33.7,64624,366800,15.8,19.5,54.8,6.9
30360,dunwoody,georgia,DeKalb County,15997,2738,87,53,34,54,106,217,1,31.1,44.1,35.2,49291,334000,8.2,14.8,39.9,34.3
30421,collins,georgia,Tattnall County,3566,35,91,63,28,48,103,214,0,36.1,43.7,41.2,34076,107600,N/A,14.0,82.0,3.4
30439,metter,georgia,Candler County,10840,45,91,62,29,48,99,216,0,51.5,59.0,37.8,30649,102500,N/A,23.5,61.1,11.5
30453,reidsville,georgia,Tattnall County,10404,84,91,63,28,48,106,214,0,58.8,68.8,35,26331,67100,N/A,37.9,42.5,17.0
30470,tarrytown,georgia,Montgomery County,340,12,91,61,30,48,91,219,0,31.4,39.0,36.3,36771,128900,N/A,2.6,92.1,N/A
30510,alto,georgia,Habersham County,8615,192,86,52,34,59,121,218,2,38.2,44.5,36.7,36343,123400,1.6,7.2,75.1,14.7
30522,cherrylog,georgia,Gilmer County,870,19,85,51,34,57,118,211,3,26.9,32.9,57.3,31806,251000,N/A,N/A,100.0,N/A
30535,demorest,georgia,Habersham County,7884,272,86,52,34,61,116,218,2,25.3,30.1,38.9,44914,148700,5.1,1.2,85.9,5.2
30547,homer,georgia,Banks County,3065,58,88,53,35,50,101,218,1,23.1,29.4,48.1,37500,182000,N/A,5.0,92.9,1.8
30560,morganton,georgia,Fannin County,4595,63,86,52,34,58,125,208,4,27.5,34.0,56.1,37377,206900,N/A,N/A,96.5,2.8
30573,tallulah_falls,georgia,Rabun County,252,53,85,52,33,64,131,212,2,4.0,10.3,48.8,126958,340400,N/A,N/A,100.0,N/A
30607,athens,georgia,Clarke County,11712,330,88,55,33,48,109,218,1,41.6,60.0,31.3,44758,146100,N/A,25.3,38.9,33.8
30628,colbert,georgia,Madison County,7348,153,88,54,34,48,109,218,1,22.5,29.3,41.1,47311,165800,N/A,12.7,80.2,7.0
30646,hull,georgia,Madison County,6226,179,88,54,34,48,109,218,1,36.1,43.1,42,46181,151400,N/A,8.4,77.9,9.8
30666,statham,georgia,Barrow County,10264,280,89,55,34,48,105,218,1,26.9,42.0,36.5,54989,173400,2.7,17.5,67.6,10.9
30705,chatsworth,georgia,Murray County,33534,141,89,53,36,55,108,210,2,34.6,41.7,37.3,34416,121700,N/A,1.1,81.6,15.9
30730,lyerly,georgia,Chattooga County,2010,36,90,54,36,54,100,210,1,39.6,45.6,35.9,36422,75300,N/A,5.0,91.8,3.2
30742,fort_oglethorpe,georgia,Catoosa County,7778,2322,89,52,37,50,99,210,1,44.3,60.6,34.8,33200,126000,1.8,6.4,87.7,N/A
30802,appling,georgia,Columbia County,5753,43,90,58,32,46,98,218,0,30.0,35.7,46.5,60227,207000,N/A,18.5,77.9,2.0
30815,hephzibah,georgia,Richmond County,40047,306,91,59,32,46,99,218,1,36.8,64.3,37.3,50381,120900,1.5,58.8,31.9,4.4
30830,waynesboro,georgia,Burke County,14105,39,91,60,31,46,88,218,0,52.8,59.9,36.8,31136,87600,N/A,56.5,39.7,3.3
31001,abbeville,georgia,Wilcox County,4707,27,91,61,30,46,92,219,0,47.7,51.0,39.4,31429,81800,N/A,43.7,50.6,4.1
31014,cochran,georgia,Bleckley County,13444,64,91,59,32,46,88,219,0,39.6,51.1,37.6,33785,106300,N/A,27.5,68.7,3.0
31024,eatonton,georgia,Putnam County,20334,61,91,58,33,46,91,218,1,34.8,39.8,45.2,43422,211800,N/A,26.2,65.0,6.8
31036,hawkinsville,georgia,Pulaski County,12457,49,91,60,31,47,91,219,0,48.3,48.9,42.2,40139,140800,N/A,33.2,62.0,3.1
31049,kite,georgia,Johnson County,1909,20,91,60,31,47,90,218,0,32.3,39.1,39.7,44211,91900,N/A,N/A,88.5,11.1
31062,milledgeville,georgia,Baldwin County,504,1874,91,59,32,46,99,219,1,63.1,72.9,63.8,0,142100,N/A,49.0,51.0,N/A
31072,pitts,georgia,Wilcox County,1337,18,91,60,31,46,90,219,0,31.2,37.9,45.9,40365,79500,N/A,10.4,75.5,9.6
31085,shady_dale,georgia,Jasper County,1209,27,90,56,34,47,93,218,1,41.0,47.5,36.9,39650,126700,N/A,24.5,57.0,15.3
31097,yatesville,georgia,Upson County,1522,28,89,58,31,48,94,219,0,28.7,34.8,39.4,58077,94800,N/A,20.4,77.9,N/A
31217,macon,georgia,Bibb County,17558,178,91,59,32,46,102,219,0,66.8,95.1,37,32892,40400,N/A,67.0,30.7,1.0
31312,guyton,georgia,Effingham County,18454,115,91,63,28,48,98,214,0,18.8,22.6,37.5,69682,209400,N/A,10.5,83.6,2.2
31324,richmond_hill,georgia,Bryan County,24643,192,90,63,27,49,102,214,0,20.9,27.7,35.3,79520,263900,1.9,13.7,73.0,8.8
31407,port_wentworth,georgia,Chatham County,13057,454,89,61,28,49,101,214,0,16.9,23.9,32,66766,136000,1.8,42.2,44.3,8.4
31512,ambrose,georgia,Coffee County,1963,25,91,62,29,47,100,219,0,36.6,43.7,44.2,44110,101000,N/A,11.5,80.2,6.3
31527,jekyll_island,georgia,Glynn County,589,33,90,64,26,48,102,221,0,14.7,29.9,70,62244,422700,N/A,N/A,100.0,N/A
31546,jesup,georgia,Wayne County,8020,47,91,64,27,49,109,217,0,42.9,59.2,42.1,38521,110500,N/A,27.7,62.3,6.1
31556,offerman,georgia,Pierce County,64,130,91,64,27,52,104,215,0,62.7,69.8,44,18750,72000,N/A,29.7,70.3,N/A
31568,white_oak,georgia,Camden County,846,7,90,65,25,53,103,221,0,18.8,44.4,57.9,40714,135700,N/A,15.1,84.0,N/A
31625,barney,georgia,Brooks County,1432,24,91,64,27,52,103,231,0,17.9,48.1,41.1,21280,120700,N/A,17.3,82.7,N/A
31637,lenox,georgia,Cook County,3165,40,91,64,27,49,101,229,0,35.3,42.4,39.5,32218,85500,N/A,7.6,78.1,14.0
31650,willacoochee,georgia,Atkinson County,3596,35,91,64,27,48,103,223,0,42.9,51.7,34.9,24745,67000,N/A,12.8,62.1,24.9
31716,baconton,georgia,Mitchell County,2698,33,91,62,29,51,97,229,0,40.7,47.9,40.9,31500,91500,N/A,39.1,55.7,2.2
31744,doerun,georgia,Colquitt County,2716,22,91,63,28,51,99,230,0,33.2,39.3,43,35590,91200,N/A,17.2,75.4,6.2
31771,norman_park,georgia,Colquitt County,6580,61,91,63,28,50,100,230,0,38.1,45.1,35.7,34138,96400,N/A,14.2,57.2,26.9
31784,sale_city,georgia,Mitchell County,707,21,91,63,28,51,98,231,0,24.6,28.6,32.8,35729,118100,N/A,14.1,81.0,3.1
31796,warwick,georgia,Worth County,1103,18,91,60,31,47,88,218,0,38.8,42.4,56,30000,118100,N/A,32.4,65.5,N/A
31811,hamilton,georgia,Harris County,6022,46,90,58,32,50,90,214,0,19.9,24.4,45.6,53403,233600,1.2,21.0,73.5,2.1
31825,richland,georgia,Stewart County,2197,17,91,60,31,49,89,214,0,48.3,49.9,51.8,20172,68000,N/A,59.6,38.8,N/A
31903,columbus,georgia,Muscogee County,19835,1978,91,59,32,49,105,214,0,69.9,86.6,32.4,23067,49800,1.1,71.1,9.9,13.4
39823,blakely,georgia,Early County,7935,23,91,62,29,51,97,225,0,50.1,53.3,39.9,39047,99200,1.0,54.0,42.2,2.3
39841,damascus,georgia,Early County,656,10,91,63,28,53,90,225,0,53.5,55.6,48.7,22500,65800,N/A,49.4,36.4,14.2
39867,morris,georgia,Quitman County,609,7,91,59,32,51,89,214,0,42.9,48.3,48,36696,96700,N/A,35.1,41.4,23.5
